customer_id,first_name,last_name,gender,date_of_birth,email,phone_number,national_id,city,state,country,postal_code,occupation,annual_income,marital_status,education_level,employment_status,customer_since,customer_segment,kyc_status,risk_rating,is_politically_exposed,preferred_channel,email_verified,phone_verified,num_complaints_last_year
CUST_00001,Kavya,Patel,F,2003-09-12,kavya.patel1@example.test,+91-6484465343,IDN10007919,Hyderabad,Telangana,IN,197526,Salaried,2920073.00,Single,Graduate,EMPLOYED,2022-03-02,PRIVATE,VERIFIED,MEDIUM,f,Mobile Banking,t,t,1
CUST_00002,Nisha,Chatterjee,F,1978-10-08,nisha.chatterjee2@example.test,+91-6384374065,IDN10015838,Bengaluru,Karnataka,IN,152229,Self-Employed,2203175.00,Single,Postgraduate,EMPLOYED,2021-01-28,PRIVATE,VERIFIED,MEDIUM,f,Mobile Banking,t,t,2
CUST_00003,Sneha,Rao,F,1991-05-17,sneha.rao3@example.test,+91-6262939563,IDN10023757,Hyderabad,Telangana,IN,253312,Self-Employed,1168960.00,Single,Postgraduate,EMPLOYED,2019-08-13,PREMIUM,VERIFIED,HIGH,f,Mobile Banking,t,t,2
CUST_00004,Manish,Kulkarni,M,1984-03-15,manish.kulkarni4@example.test,+91-6491673141,IDN10031676,Delhi,Delhi,IN,501435,Self-Employed,4075169.00,Married,Postgraduate,EMPLOYED,2017-10-13,PRIVATE,VERIFIED,LOW,f,Internet Banking,t,t,1
CUST_00005,Nisha,Reddy,F,1989-10-12,nisha.reddy5@example.test,+91-6460484636,IDN10039595,Gurugram,Haryana,IN,900449,Self-Employed,310179.00,Single,Postgraduate,EMPLOYED,2017-04-16,RETAIL,VERIFIED,MEDIUM,f,Internet Banking,t,t,0
CUST_00006,Deepa,Bose,F,1971-05-20,deepa.bose6@example.test,+91-6343018423,IDN10047514,Pune,Maharashtra,IN,362532,Self-Employed,1543020.00,Single,Postgraduate,EMPLOYED,2017-02-10,PRIVATE,VERIFIED,HIGH,f,Mobile Banking,t,t,2
CUST_00007,Vivek,Iyer,M,2003-08-01,vivek.iyer7@example.test,+91-6298243330,IDN10055433,Bengaluru,Karnataka,IN,330165,Salaried,4589345.00,Single,Graduate,EMPLOYED,2016-09-10,RETAIL,VERIFIED,MEDIUM,f,Mobile Banking,t,t,0
CUST_00008,Anjali,Iyer,M,1989-01-23,anjali.iyer8@example.test,+91-6864960720,IDN10063352,Gurugram,Haryana,IN,780783,Self-Employed,1410074.00,Married,Postgraduate,EMPLOYED,2023-10-16,BUSINESS,VERIFIED,LOW,f,Internet Banking,t,t,1
CUST_00009,Arjun,Bose,M,1982-07-07,arjun.bose9@example.test,+91-6283885214,IDN10071271,Chennai,Tamil Nadu,IN,935842,Salaried,4466109.00,Married,Postgraduate,EMPLOYED,2020-08-17,BUSINESS,PENDING,LOW,f,Mobile Banking,t,t,2
CUST_00010,Anika,Nair,M,1982-12-07,anika.nair10@example.test,+91-6591686193,IDN10079190,Gurugram,Haryana,IN,394131,Self-Employed,4605795.00,Single,Postgraduate,EMPLOYED,2019-04-06,RETAIL,VERIFIED,LOW,f,Internet Banking,t,t,2
CUST_00011,Deepa,Iyer,M,1972-05-11,deepa.iyer11@example.test,+91-6479520290,IDN10087109,Hyderabad,Telangana,IN,225415,Salaried,437757.00,Married,Postgraduate,EMPLOYED,2015-03-03,PREMIUM,VERIFIED,LOW,f,Mobile Banking,t,t,2
CUST_00012,Suresh,Sharma,M,1990-09-24,suresh.sharma12@example.test,+91-6637032374,IDN10095028,Delhi,Delhi,IN,320333,Self-Employed,3997079.00,Married,Graduate,EMPLOYED,2024-05-16,BUSINESS,VERIFIED,LOW,f,Mobile Banking,t,t,1
CUST_00013,Aditya,Mehta,F,1975-05-23,aditya.mehta13@example.test,+91-6215922842,IDN10102947,Kolkata,West Bengal,IN,838008,Self-Employed,3174216.00,Single,Graduate,EMPLOYED,2015-11-20,PRIVATE,VERIFIED,HIGH,f,Mobile Banking,t,t,2
CUST_00014,Suresh,Nair,F,2003-03-11,suresh.nair14@example.test,+91-6153992700,IDN10110866,Chennai,Tamil Nadu,IN,474538,Self-Employed,3511734.00,Married,Postgraduate,EMPLOYED,2016-11-22,PRIVATE,VERIFIED,MEDIUM,f,Internet Banking,t,t,0
CUST_00015,Lakshmi,Sharma,M,1972-11-06,lakshmi.sharma15@example.test,+91-6685679317,IDN10118785,Gurugram,Haryana,IN,188711,Self-Employed,4087778.00,Single,Graduate,EMPLOYED,2017-04-05,PREMIUM,VERIFIED,MEDIUM,f,Internet Banking,t,t,1
CUST_00016,Sanjay,Gupta,M,1964-11-13,sanjay.gupta16@example.test,+91-6467762740,IDN10126704,Hyderabad,Telangana,IN,528428,Self-Employed,464710.00,Married,Graduate,EMPLOYED,2019-02-18,BUSINESS,PENDING,MEDIUM,f,Internet Banking,t,t,1
CUST_00017,Lakshmi,Malhotra,M,1960-03-07,lakshmi.malhotra17@example.test,+91-6500401799,IDN10134623,Hyderabad,Telangana,IN,841434,Salaried,2755229.00,Single,Graduate,EMPLOYED,2020-02-14,RETAIL,VERIFIED,LOW,f,Internet Banking,t,t,0
CUST_00018,Anika,Nair,F,1961-11-16,anika.nair18@example.test,+91-6691661954,IDN10142542,Delhi,Delhi,IN,458360,Self-Employed,2426593.00,Single,Graduate,EMPLOYED,2018-05-02,PRIVATE,VERIFIED,LOW,f,Mobile Banking,t,t,1
CUST_00019,Deepa,Bose,M,1966-11-11,deepa.bose19@example.test,+91-6497161701,IDN10150461,Chennai,Tamil Nadu,IN,707764,Salaried,4960189.00,Single,Postgraduate,EMPLOYED,2016-07-28,RETAIL,VERIFIED,LOW,f,Mobile Banking,t,t,0
CUST_00020,Deepa,Nair,M,1978-10-21,deepa.nair20@example.test,+91-6117802423,IDN10158380,Kolkata,West Bengal,IN,681408,Salaried,4286920.00,Married,Postgraduate,EMPLOYED,2019-06-19,PRIVATE,VERIFIED,LOW,f,Internet Banking,t,t,2
CUST_00021,Lakshmi,Gupta,M,1997-01-13,lakshmi.gupta21@example.test,+91-6827212933,IDN10166299,Hyderabad,Telangana,IN,430793,Self-Employed,4487203.00,Single,Graduate,EMPLOYED,2021-08-13,RETAIL,VERIFIED,LOW,f,Internet Banking,t,t,1
CUST_00022,Vivek,Iyer,F,1998-08-14,vivek.iyer22@example.test,+91-6289526918,IDN10174218,Mumbai,Maharashtra,IN,382446,Salaried,4523225.00,Married,Graduate,EMPLOYED,2017-04-24,BUSINESS,VERIFIED,LOW,f,Internet Banking,t,t,1
CUST_00023,Vivek,Fernandes,F,1976-02-09,vivek.fernandes23@example.test,+91-6233992725,IDN10182137,Delhi,Delhi,IN,899991,Self-Employed,1986419.00,Married,Graduate,EMPLOYED,2024-10-27,RETAIL,VERIFIED,LOW,f,Internet Banking,t,t,2
CUST_00024,Anika,Mehta,F,1969-05-28,anika.mehta24@example.test,+91-6792182086,IDN10190056,Chennai,Tamil Nadu,IN,280999,Self-Employed,1470423.00,Married,Graduate,EMPLOYED,2021-04-03,PREMIUM,VERIFIED,LOW,f,Internet Banking,t,t,1
CUST_00025,Kavya,Singh,F,1990-07-19,kavya.singh25@example.test,+91-6079406837,IDN10197975,Kolkata,West Bengal,IN,743850,Salaried,1776019.00,Married,Postgraduate,EMPLOYED,2017-11-05,RETAIL,VERIFIED,HIGH,f,Internet Banking,t,t,1
CUST_00026,Suresh,Gupta,F,1991-09-01,suresh.gupta26@example.test,+91-6267158515,IDN10205894,Kolkata,West Bengal,IN,742087,Self-Employed,3096615.00,Single,Postgraduate,EMPLOYED,2024-12-17,PRIVATE,VERIFIED,HIGH,f,Mobile Banking,t,t,1
CUST_00027,Sanjay,Desai,M,1967-11-11,sanjay.desai27@example.test,+91-6679583712,IDN10213813,Kolkata,West Bengal,IN,647012,Self-Employed,2510365.00,Married,Postgraduate,EMPLOYED,2016-11-17,BUSINESS,VERIFIED,LOW,f,Mobile Banking,t,t,0
CUST_00028,Rahul,Kulkarni,M,1961-02-23,rahul.kulkarni28@example.test,+91-6534326116,IDN10221732,Pune,Maharashtra,IN,578939,Self-Employed,3684061.00,Married,Postgraduate,EMPLOYED,2017-06-21,BUSINESS,VERIFIED,LOW,f,Mobile Banking,t,t,1
CUST_00029,Swati,Joshi,M,1983-09-13,swati.joshi29@example.test,+91-6221978291,IDN10229651,Delhi,Delhi,IN,484576,Self-Employed,1599387.00,Single,Postgraduate,EMPLOYED,2015-10-17,PREMIUM,VERIFIED,HIGH,f,Mobile Banking,t,t,1
CUST_00030,Aditya,Chatterjee,M,1978-06-12,aditya.chatterjee30@example.test,+91-6974906713,IDN10237570,Chennai,Tamil Nadu,IN,530896,Self-Employed,4368331.00,Married,Postgraduate,EMPLOYED,2022-08-14,RETAIL,VERIFIED,LOW,f,Internet Banking,t,t,0
CUST_00031,Meera,Singh,F,1983-08-15,meera.singh31@example.test,+91-6191648590,IDN10245489,Delhi,Delhi,IN,314173,Salaried,4628407.00,Married,Graduate,EMPLOYED,2016-04-26,PREMIUM,VERIFIED,LOW,f,Mobile Banking,t,t,0
CUST_00032,Suresh,Sharma,M,1992-11-12,suresh.sharma32@example.test,+91-6668479930,IDN10253408,Mumbai,Maharashtra,IN,667603,Salaried,3544636.00,Single,Graduate,EMPLOYED,2024-05-24,BUSINESS,VERIFIED,MEDIUM,f,Mobile Banking,t,t,1
CUST_00033,Vivek,Iyer,M,1985-03-10,vivek.iyer33@example.test,+91-6688942233,IDN10261327,Delhi,Delhi,IN,326160,Self-Employed,3594170.00,Married,Graduate,EMPLOYED,2016-11-04,PRIVATE,VERIFIED,LOW,f,Mobile Banking,t,t,2
CUST_00034,Divya,Gupta,F,2004-10-03,divya.gupta34@example.test,+91-6513243877,IDN10269246,Bengaluru,Karnataka,IN,824610,Self-Employed,327090.00,Single,Graduate,EMPLOYED,2021-11-03,BUSINESS,VERIFIED,LOW,f,Mobile Banking,t,t,1
CUST_00035,Manish,Desai,F,1973-12-16,manish.desai35@example.test,+91-6062109620,IDN10277165,Mumbai,Maharashtra,IN,664203,Salaried,1659542.00,Married,Postgraduate,EMPLOYED,2021-09-23,PRIVATE,VERIFIED,LOW,f,Mobile Banking,t,t,0
CUST_00036,Nisha,Malhotra,F,1980-08-15,nisha.malhotra36@example.test,+91-6501718320,IDN10285084,Kolkata,West Bengal,IN,587541,Self-Employed,2606922.00,Married,Graduate,EMPLOYED,2019-01-26,RETAIL,VERIFIED,MEDIUM,f,Mobile Banking,t,t,1
CUST_00037,Anika,Iyer,F,1998-09-12,anika.iyer37@example.test,+91-6096701230,IDN10293003,Delhi,Delhi,IN,400360,Salaried,1944586.00,Single,Graduate,EMPLOYED,2021-08-24,BUSINESS,VERIFIED,LOW,f,Mobile Banking,t,t,1
CUST_00038,Anika,Sharma,M,1960-06-27,anika.sharma38@example.test,+91-6547690349,IDN10300922,Mumbai,Maharashtra,IN,912778,Self-Employed,4801651.00,Married,Postgraduate,EMPLOYED,2016-11-27,PRIVATE,VERIFIED,HIGH,t,Internet Banking,t,t,1
CUST_00039,Lakshmi,Sharma,F,1977-05-25,lakshmi.sharma39@example.test,+91-6550407803,IDN10308841,Pune,Maharashtra,IN,720818,Self-Employed,3239001.00,Married,Postgraduate,EMPLOYED,2022-04-03,PRIVATE,VERIFIED,LOW,f,Mobile Banking,t,t,1
CUST_00040,Priya,Bose,M,1972-03-03,priya.bose40@example.test,+91-6995508914,IDN10316760,Bengaluru,Karnataka,IN,788756,Self-Employed,2986221.00,Single,Postgraduate,EMPLOYED,2018-03-17,PRIVATE,VERIFIED,LOW,f,Internet Banking,t,t,2
CUST_00041,Priya,Singh,F,1974-01-03,priya.singh41@example.test,+91-6443458412,IDN10324679,Bengaluru,Karnataka,IN,268535,Salaried,4563967.00,Married,Graduate,EMPLOYED,2015-12-18,RETAIL,VERIFIED,MEDIUM,f,Mobile Banking,t,t,0
CUST_00042,Rajesh,Malhotra,F,1984-09-13,rajesh.malhotra42@example.test,+91-6614850338,IDN10332598,Mumbai,Maharashtra,IN,731614,Salaried,3582684.00,Married,Graduate,EMPLOYED,2021-11-27,BUSINESS,VERIFIED,LOW,f,Mobile Banking,t,t,1
CUST_00043,Manish,Mehta,M,1971-03-08,manish.mehta43@example.test,+91-6115390944,IDN10340517,Gurugram,Haryana,IN,604528,Self-Employed,3317417.00,Single,Postgraduate,EMPLOYED,2021-01-24,PREMIUM,VERIFIED,LOW,f,Internet Banking,t,t,1
CUST_00044,Anika,Iyer,M,1967-09-08,anika.iyer44@example.test,+91-6739173358,IDN10348436,Hyderabad,Telangana,IN,937656,Self-Employed,4326481.00,Single,Postgraduate,EMPLOYED,2021-05-10,RETAIL,VERIFIED,LOW,f,Mobile Banking,t,t,1
CUST_00045,Pooja,Gupta,F,2001-09-11,pooja.gupta45@example.test,+91-6080345984,IDN10356355,Delhi,Delhi,IN,769737,Salaried,3842614.00,Married,Graduate,EMPLOYED,2019-11-11,PRIVATE,PENDING,HIGH,f,Internet Banking,t,t,2
CUST_00046,Sanjay,Reddy,M,2000-09-15,sanjay.reddy46@example.test,+91-6581868125,IDN10364274,Kolkata,West Bengal,IN,905295,Salaried,2942858.00,Single,Postgraduate,EMPLOYED,2017-08-15,PREMIUM,VERIFIED,LOW,f,Internet Banking,t,t,1
CUST_00047,Sanjay,Iyer,M,1980-08-05,sanjay.iyer47@example.test,+91-6595802220,IDN10372193,Kolkata,West Bengal,IN,511539,Salaried,400750.00,Married,Graduate,EMPLOYED,2017-09-04,PREMIUM,VERIFIED,LOW,f,Mobile Banking,t,t,0
CUST_00048,Sanjay,Malhotra,M,1989-04-08,sanjay.malhotra48@example.test,+91-6473116143,IDN10380112,Mumbai,Maharashtra,IN,900440,Self-Employed,4956111.00,Single,Postgraduate,EMPLOYED,2023-12-16,PREMIUM,VERIFIED,MEDIUM,f,Internet Banking,t,t,2
CUST_00049,Swati,Chatterjee,M,1995-02-04,swati.chatterjee49@example.test,+91-6437926949,IDN10388031,Kolkata,West Bengal,IN,859202,Self-Employed,3453511.00,Married,Postgraduate,EMPLOYED,2023-03-12,PRIVATE,VERIFIED,LOW,f,Internet Banking,t,t,1
CUST_00050,Meera,Rao,M,1964-12-05,meera.rao50@example.test,+91-6939929217,IDN10395950,Bengaluru,Karnataka,IN,933652,Salaried,383680.00,Married,Graduate,EMPLOYED,2017-01-09,PREMIUM,VERIFIED,HIGH,f,Internet Banking,t,t,0
CUST_00051,Rahul,Singh,F,1991-10-24,rahul.singh51@example.test,+91-6671210036,IDN10403869,Pune,Maharashtra,IN,857625,Self-Employed,607626.00,Married,Graduate,EMPLOYED,2016-01-14,PREMIUM,VERIFIED,LOW,f,Mobile Banking,t,t,2
CUST_00052,Rahul,Nair,F,1985-05-07,rahul.nair52@example.test,+91-6631652649,IDN10411788,Kolkata,West Bengal,IN,818890,Salaried,1429116.00,Single,Graduate,EMPLOYED,2019-04-06,PRIVATE,VERIFIED,LOW,f,Mobile Banking,t,t,1
CUST_00053,Rohan,Bose,M,1975-08-16,rohan.bose53@example.test,+91-6873437682,IDN10419707,Hyderabad,Telangana,IN,249935,Salaried,4005497.00,Single,Postgraduate,EMPLOYED,2023-04-18,PRIVATE,VERIFIED,MEDIUM,f,Internet Banking,t,t,2
CUST_00054,Sanjay,Iyer,F,1962-02-09,sanjay.iyer54@example.test,+91-6442529347,IDN10427626,Bengaluru,Karnataka,IN,346102,Salaried,296484.00,Married,Graduate,EMPLOYED,2022-09-16,BUSINESS,VERIFIED,LOW,f,Internet Banking,t,t,0
CUST_00055,Deepa,Sharma,M,1967-12-21,deepa.sharma55@example.test,+91-6979709048,IDN10435545,Hyderabad,Telangana,IN,283560,Salaried,2323540.00,Single,Postgraduate,EMPLOYED,2015-02-07,PREMIUM,VERIFIED,LOW,f,Internet Banking,t,t,0
CUST_00056,Karthik,Mehta,M,1979-01-09,karthik.mehta56@example.test,+91-6625102283,IDN10443464,Gurugram,Haryana,IN,970572,Self-Employed,2371230.00,Single,Graduate,EMPLOYED,2015-02-26,BUSINESS,VERIFIED,MEDIUM,f,Mobile Banking,t,t,1
CUST_00057,Swati,Chatterjee,F,1961-08-06,swati.chatterjee57@example.test,+91-6254800629,IDN10451383,Kolkata,West Bengal,IN,886340,Self-Employed,3584155.00,Single,Graduate,EMPLOYED,2019-04-08,RETAIL,VERIFIED,MEDIUM,f,Internet Banking,t,t,2
CUST_00058,Sanjay,Reddy,F,1975-03-03,sanjay.reddy58@example.test,+91-6807533075,IDN10459302,Bengaluru,Karnataka,IN,800050,Salaried,2149761.00,Married,Graduate,EMPLOYED,2016-10-07,RETAIL,VERIFIED,LOW,f,Mobile Banking,t,t,0
CUST_00059,Rajesh,Nair,F,1968-03-19,rajesh.nair59@example.test,+91-6140953289,IDN10467221,Mumbai,Maharashtra,IN,808072,Salaried,4111884.00,Single,Graduate,EMPLOYED,2016-12-06,RETAIL,VERIFIED,HIGH,f,Internet Banking,t,t,1
CUST_00060,Aditya,Patel,F,2001-10-01,aditya.patel60@example.test,+91-6739583674,IDN10475140,Kolkata,West Bengal,IN,954610,Salaried,4935186.00,Married,Graduate,EMPLOYED,2022-02-09,RETAIL,VERIFIED,LOW,f,Internet Banking,t,t,1
CUST_00061,Pooja,Iyer,M,1976-02-13,pooja.iyer61@example.test,+91-6211805737,IDN10483059,Bengaluru,Karnataka,IN,551726,Salaried,580395.00,Single,Postgraduate,EMPLOYED,2015-03-02,RETAIL,VERIFIED,HIGH,f,Mobile Banking,t,t,0
CUST_00062,Rajesh,Nair,F,2004-12-20,rajesh.nair62@example.test,+91-6742151192,IDN10490978,Mumbai,Maharashtra,IN,474428,Salaried,1439462.00,Married,Postgraduate,EMPLOYED,2023-10-14,PREMIUM,VERIFIED,MEDIUM,f,Mobile Banking,t,t,2
CUST_00063,Anika,Fernandes,F,1973-06-09,anika.fernandes63@example.test,+91-6681666587,IDN10498897,Delhi,Delhi,IN,579307,Self-Employed,3294976.00,Single,Postgraduate,EMPLOYED,2021-06-05,BUSINESS,VERIFIED,LOW,f,Mobile Banking,t,t,2
CUST_00064,Karthik,Reddy,M,1970-02-01,karthik.reddy64@example.test,+91-6840180593,IDN10506816,Mumbai,Maharashtra,IN,408461,Self-Employed,2032770.00,Single,Graduate,EMPLOYED,2021-09-21,PREMIUM,VERIFIED,LOW,f,Mobile Banking,t,t,1
CUST_00065,Sneha,Kulkarni,M,1968-09-20,sneha.kulkarni65@example.test,+91-6027332575,IDN10514735,Pune,Maharashtra,IN,158430,Salaried,2724594.00,Married,Graduate,EMPLOYED,2024-02-13,PREMIUM,VERIFIED,LOW,f,Mobile Banking,t,t,2
CUST_00066,Rahul,Gupta,M,1969-07-19,rahul.gupta66@example.test,+91-6337610404,IDN10522654,Bengaluru,Karnataka,IN,631346,Salaried,1963081.00,Single,Graduate,EMPLOYED,2020-08-13,BUSINESS,VERIFIED,LOW,f,Mobile Banking,t,t,2
CUST_00067,Divya,Patel,F,1968-10-09,divya.patel67@example.test,+91-6230723283,IDN10530573,Bengaluru,Karnataka,IN,596547,Self-Employed,2841055.00,Married,Graduate,EMPLOYED,2021-10-24,BUSINESS,VERIFIED,LOW,f,Internet Banking,t,t,0
CUST_00068,Vikram,Rao,F,1978-05-17,vikram.rao68@example.test,+91-6892576217,IDN10538492,Kolkata,West Bengal,IN,413787,Self-Employed,703446.00,Single,Postgraduate,EMPLOYED,2021-09-06,PREMIUM,VERIFIED,LOW,f,Internet Banking,t,t,0
CUST_00069,Anika,Malhotra,F,1981-01-10,anika.malhotra69@example.test,+91-6833964269,IDN10546411,Mumbai,Maharashtra,IN,954037,Salaried,596803.00,Married,Postgraduate,EMPLOYED,2018-12-25,BUSINESS,VERIFIED,LOW,t,Mobile Banking,t,t,2
CUST_00070,Anjali,Chatterjee,F,2004-05-24,anjali.chatterjee70@example.test,+91-6093275237,IDN10554330,Gurugram,Haryana,IN,750054,Self-Employed,3082458.00,Married,Graduate,EMPLOYED,2017-08-06,PRIVATE,VERIFIED,LOW,f,Mobile Banking,t,t,2
CUST_00071,Vikram,Fernandes,F,1961-01-12,vikram.fernandes71@example.test,+91-6584246028,IDN10562249,Kolkata,West Bengal,IN,534215,Self-Employed,4560477.00,Married,Postgraduate,EMPLOYED,2015-10-03,RETAIL,VERIFIED,MEDIUM,f,Mobile Banking,t,t,1
CUST_00072,Krishna,Reddy,M,1972-08-24,krishna.reddy72@example.test,+91-6495130125,IDN10570168,Mumbai,Maharashtra,IN,232239,Self-Employed,2733371.00,Married,Postgraduate,EMPLOYED,2019-03-09,RETAIL,PENDING,LOW,f,Internet Banking,t,t,2
CUST_00073,Deepa,Joshi,M,1964-02-12,deepa.joshi73@example.test,+91-6677559303,IDN10578087,Kolkata,West Bengal,IN,569160,Salaried,4997996.00,Married,Graduate,EMPLOYED,2023-06-18,RETAIL,VERIFIED,MEDIUM,f,Mobile Banking,t,t,1
CUST_00074,Nisha,Nair,F,1975-08-13,nisha.nair74@example.test,+91-6800119803,IDN10586006,Hyderabad,Telangana,IN,348833,Salaried,751167.00,Single,Graduate,EMPLOYED,2017-10-19,BUSINESS,VERIFIED,LOW,f,Internet Banking,t,t,1
CUST_00075,Sneha,Fernandes,M,1991-01-19,sneha.fernandes75@example.test,+91-6079081318,IDN10593925,Hyderabad,Telangana,IN,779032,Salaried,924252.00,Single,Graduate,EMPLOYED,2016-03-23,BUSINESS,VERIFIED,MEDIUM,f,Internet Banking,t,t,0
CUST_00076,Nisha,Mehta,F,1960-12-24,nisha.mehta76@example.test,+91-6487756179,IDN10601844,Mumbai,Maharashtra,IN,788126,Salaried,3399109.00,Married,Postgraduate,EMPLOYED,2018-01-19,PRIVATE,VERIFIED,LOW,f,Mobile Banking,t,t,0
CUST_00077,Vikram,Desai,M,2001-09-08,vikram.desai77@example.test,+91-6708684461,IDN10609763,Kolkata,West Bengal,IN,384520,Self-Employed,1601818.00,Single,Postgraduate,EMPLOYED,2019-08-09,BUSINESS,VERIFIED,LOW,f,Mobile Banking,t,t,2
CUST_00078,Rohan,Iyer,M,1962-05-07,rohan.iyer78@example.test,+91-6200075862,IDN10617682,Bengaluru,Karnataka,IN,871655,Self-Employed,2791764.00,Single,Graduate,EMPLOYED,2018-02-04,BUSINESS,VERIFIED,LOW,f,Internet Banking,t,t,2
CUST_00079,Krishna,Singh,F,1992-03-18,krishna.singh79@example.test,+91-6673028717,IDN10625601,Pune,Maharashtra,IN,820857,Salaried,501581.00,Married,Graduate,EMPLOYED,2016-09-15,BUSINESS,VERIFIED,MEDIUM,f,Mobile Banking,t,t,0
CUST_00080,Pooja,Gupta,M,1981-01-12,pooja.gupta80@example.test,+91-6207352956,IDN10633520,Pune,Maharashtra,IN,927865,Self-Employed,840971.00,Married,Graduate,EMPLOYED,2021-05-24,BUSINESS,VERIFIED,LOW,f,Mobile Banking,t,t,0
CUST_00081,Swati,Bose,M,1991-01-10,swati.bose81@example.test,+91-6426695847,IDN10641439,Kolkata,West Bengal,IN,316389,Self-Employed,4941290.00,Single,Graduate,EMPLOYED,2023-11-14,PRIVATE,VERIFIED,MEDIUM,f,Mobile Banking,t,t,0
CUST_00082,Nisha,Nair,F,1985-11-12,nisha.nair82@example.test,+91-6883915938,IDN10649358,Kolkata,West Bengal,IN,323345,Self-Employed,1471369.00,Single,Graduate,EMPLOYED,2015-02-28,BUSINESS,VERIFIED,LOW,f,Mobile Banking,t,t,0
CUST_00083,Rahul,Reddy,F,1961-09-08,rahul.reddy83@example.test,+91-6825213925,IDN10657277,Bengaluru,Karnataka,IN,284033,Self-Employed,3728879.00,Married,Graduate,EMPLOYED,2024-07-20,BUSINESS,VERIFIED,LOW,f,Mobile Banking,t,t,0
CUST_00084,Krishna,Desai,M,1971-08-06,krishna.desai84@example.test,+91-6547576777,IDN10665196,Pune,Maharashtra,IN,421929,Self-Employed,4877839.00,Single,Postgraduate,EMPLOYED,2022-09-19,BUSINESS,VERIFIED,LOW,f,Internet Banking,t,t,0
CUST_00085,Arjun,Fernandes,M,2004-09-12,arjun.fernandes85@example.test,+91-6369194353,IDN10673115,Mumbai,Maharashtra,IN,766025,Salaried,1307098.00,Single,Postgraduate,EMPLOYED,2015-02-24,BUSINESS,VERIFIED,MEDIUM,f,Mobile Banking,t,t,0
CUST_00086,Divya,Bose,F,1960-07-26,divya.bose86@example.test,+91-6562358663,IDN10681034,Delhi,Delhi,IN,166930,Self-Employed,1776894.00,Single,Postgraduate,EMPLOYED,2019-11-22,PREMIUM,VERIFIED,LOW,f,Mobile Banking,t,t,2
CUST_00087,Anika,Chatterjee,F,2002-12-12,anika.chatterjee87@example.test,+91-6420209641,IDN10688953,Bengaluru,Karnataka,IN,277273,Self-Employed,4646673.00,Married,Graduate,EMPLOYED,2018-09-27,BUSINESS,VERIFIED,LOW,f,Internet Banking,t,t,1
CUST_00088,Suresh,Fernandes,F,2003-12-28,suresh.fernandes88@example.test,+91-6888161752,IDN10696872,Bengaluru,Karnataka,IN,960376,Self-Employed,850540.00,Single,Graduate,EMPLOYED,2017-01-03,PRIVATE,VERIFIED,LOW,f,Internet Banking,t,t,0
CUST_00089,Kavya,Mehta,M,1984-09-08,kavya.mehta89@example.test,+91-6508638045,IDN10704791,Mumbai,Maharashtra,IN,369347,Salaried,2612328.00,Married,Graduate,EMPLOYED,2024-08-24,PRIVATE,VERIFIED,MEDIUM,f,Internet Banking,t,t,2
CUST_00090,Meera,Nair,M,1990-07-02,meera.nair90@example.test,+91-6446583626,IDN10712710,Delhi,Delhi,IN,430824,Salaried,4040568.00,Married,Postgraduate,EMPLOYED,2024-06-24,PREMIUM,VERIFIED,MEDIUM,f,Mobile Banking,t,t,0
CUST_00091,Anjali,Singh,M,1986-01-14,anjali.singh91@example.test,+91-6993017981,IDN10720629,Chennai,Tamil Nadu,IN,481394,Salaried,582835.00,Single,Graduate,EMPLOYED,2021-09-22,PREMIUM,VERIFIED,LOW,f,Internet Banking,t,t,0
CUST_00092,Rohan,Malhotra,F,1971-04-20,rohan.malhotra92@example.test,+91-6094348354,IDN10728548,Mumbai,Maharashtra,IN,983983,Self-Employed,3766231.00,Married,Graduate,EMPLOYED,2017-07-05,PRIVATE,VERIFIED,MEDIUM,f,Internet Banking,t,t,1
CUST_00093,Anika,Rao,M,2003-02-24,anika.rao93@example.test,+91-6552684516,IDN10736467,Gurugram,Haryana,IN,776924,Salaried,3970541.00,Single,Postgraduate,EMPLOYED,2023-03-01,RETAIL,VERIFIED,LOW,f,Internet Banking,t,t,2
CUST_00094,Deepa,Gupta,M,1983-01-25,deepa.gupta94@example.test,+91-6753302116,IDN10744386,Kolkata,West Bengal,IN,353896,Salaried,4102440.00,Single,Postgraduate,EMPLOYED,2023-06-08,BUSINESS,VERIFIED,LOW,f,Internet Banking,t,t,1
CUST_00095,Sneha,Kulkarni,M,1983-03-04,sneha.kulkarni95@example.test,+91-6507088838,IDN10752305,Gurugram,Haryana,IN,609789,Salaried,433457.00,Married,Graduate,EMPLOYED,2019-08-05,PRIVATE,VERIFIED,LOW,f,Mobile Banking,t,t,2
CUST_00096,Priya,Iyer,M,1994-09-10,priya.iyer96@example.test,+91-6931822100,IDN10760224,Pune,Maharashtra,IN,723256,Self-Employed,1700529.00,Married,Postgraduate,EMPLOYED,2023-04-23,PRIVATE,VERIFIED,LOW,f,Internet Banking,t,t,1
CUST_00097,Nisha,Joshi,F,1980-04-18,nisha.joshi97@example.test,+91-6463913674,IDN10768143,Mumbai,Maharashtra,IN,434239,Self-Employed,3907852.00,Married,Postgraduate,EMPLOYED,2021-08-11,PRIVATE,VERIFIED,LOW,f,Mobile Banking,t,t,1
CUST_00098,Sanjay,Nair,F,1992-06-02,sanjay.nair98@example.test,+91-6121439265,IDN10776062,Chennai,Tamil Nadu,IN,198969,Self-Employed,2117609.00,Married,Graduate,EMPLOYED,2023-11-09,BUSINESS,VERIFIED,LOW,f,Internet Banking,t,t,0
CUST_00099,Arjun,Nair,F,1989-08-11,arjun.nair99@example.test,+91-6156536321,IDN10783981,Gurugram,Haryana,IN,619570,Salaried,365753.00,Single,Graduate,EMPLOYED,2021-06-10,RETAIL,VERIFIED,LOW,f,Internet Banking,t,t,0
CUST_00100,Krishna,Rao,F,1962-02-24,krishna.rao100@example.test,+91-6339378055,IDN10791900,Gurugram,Haryana,IN,251603,Salaried,940394.00,Married,Postgraduate,EMPLOYED,2021-08-18,PRIVATE,VERIFIED,LOW,f,Internet Banking,t,t,2
CUST_00101,Pooja,Iyer,M,1980-12-19,pooja.iyer101@example.test,+91-6834035193,IDN10799819,Kolkata,West Bengal,IN,496438,Self-Employed,2895935.00,Single,Graduate,EMPLOYED,2020-03-02,BUSINESS,VERIFIED,LOW,f,Internet Banking,t,t,1
CUST_00102,Krishna,Kulkarni,M,1996-10-13,krishna.kulkarni102@example.test,+91-6382421853,IDN10807738,Bengaluru,Karnataka,IN,561225,Salaried,3648429.00,Single,Graduate,EMPLOYED,2020-12-16,PRIVATE,VERIFIED,LOW,f,Mobile Banking,t,t,1
CUST_00103,Sanjay,Patel,M,1972-04-16,sanjay.patel103@example.test,+91-6874091249,IDN10815657,Pune,Maharashtra,IN,273037,Self-Employed,2838800.00,Married,Graduate,EMPLOYED,2018-10-23,PREMIUM,VERIFIED,MEDIUM,f,Mobile Banking,t,t,2
CUST_00104,Meera,Sharma,F,2000-11-20,meera.sharma104@example.test,+91-6591702733,IDN10823576,Hyderabad,Telangana,IN,721182,Salaried,817290.00,Married,Graduate,EMPLOYED,2024-01-14,PRIVATE,VERIFIED,MEDIUM,f,Mobile Banking,t,t,0
CUST_00105,Divya,Patel,F,1960-12-11,divya.patel105@example.test,+91-6351779382,IDN10831495,Mumbai,Maharashtra,IN,286286,Salaried,2348441.00,Married,Postgraduate,EMPLOYED,2020-10-16,BUSINESS,VERIFIED,LOW,f,Mobile Banking,t,t,0
CUST_00106,Anika,Chatterjee,F,1996-07-07,anika.chatterjee106@example.test,+91-6030034247,IDN10839414,Hyderabad,Telangana,IN,209855,Self-Employed,1954658.00,Single,Graduate,EMPLOYED,2023-04-09,PREMIUM,VERIFIED,LOW,f,Internet Banking,t,t,1
CUST_00107,Manish,Mehta,F,1991-01-17,manish.mehta107@example.test,+91-6588789909,IDN10847333,Hyderabad,Telangana,IN,593742,Salaried,2645034.00,Married,Graduate,EMPLOYED,2018-03-20,PREMIUM,VERIFIED,LOW,f,Internet Banking,t,t,0
CUST_00108,Karthik,Nair,M,1995-12-24,karthik.nair108@example.test,+91-6488078019,IDN10855252,Pune,Maharashtra,IN,493647,Salaried,2974290.00,Married,Graduate,EMPLOYED,2019-10-11,RETAIL,VERIFIED,MEDIUM,f,Mobile Banking,t,t,0
CUST_00109,Pooja,Iyer,F,1965-12-05,pooja.iyer109@example.test,+91-6196242927,IDN10863171,Chennai,Tamil Nadu,IN,479796,Self-Employed,460617.00,Married,Postgraduate,EMPLOYED,2018-03-12,RETAIL,VERIFIED,LOW,f,Mobile Banking,t,t,1
CUST_00110,Lakshmi,Sharma,M,1996-12-04,lakshmi.sharma110@example.test,+91-6346683426,IDN10871090,Kolkata,West Bengal,IN,430498,Self-Employed,841485.00,Married,Graduate,EMPLOYED,2016-06-23,RETAIL,VERIFIED,HIGH,f,Internet Banking,t,t,1
CUST_00111,Manish,Bose,M,1981-12-16,manish.bose111@example.test,+91-6420687857,IDN10879009,Kolkata,West Bengal,IN,714178,Self-Employed,4958113.00,Married,Postgraduate,EMPLOYED,2017-04-23,PRIVATE,VERIFIED,LOW,f,Mobile Banking,t,t,2
CUST_00112,Aditya,Fernandes,M,1985-04-16,aditya.fernandes112@example.test,+91-6242178491,IDN10886928,Hyderabad,Telangana,IN,904919,Self-Employed,3008334.00,Single,Postgraduate,EMPLOYED,2024-09-11,PRIVATE,VERIFIED,MEDIUM,f,Mobile Banking,t,t,0
CUST_00113,Meera,Desai,M,1981-12-09,meera.desai113@example.test,+91-6454846958,IDN10894847,Gurugram,Haryana,IN,538141,Self-Employed,3319801.00,Married,Graduate,EMPLOYED,2023-05-22,RETAIL,VERIFIED,LOW,f,Internet Banking,t,t,2
CUST_00114,Divya,Gupta,M,2002-03-19,divya.gupta114@example.test,+91-6914173951,IDN10902766,Chennai,Tamil Nadu,IN,683145,Salaried,3013296.00,Married,Graduate,EMPLOYED,2016-12-09,BUSINESS,VERIFIED,MEDIUM,f,Mobile Banking,t,t,1
CUST_00115,Suresh,Nair,M,1976-07-02,suresh.nair115@example.test,+91-6307463629,IDN10910685,Bengaluru,Karnataka,IN,607462,Self-Employed,2904682.00,Married,Graduate,EMPLOYED,2024-06-07,PRIVATE,VERIFIED,MEDIUM,f,Mobile Banking,t,t,0
CUST_00116,Kavya,Fernandes,F,1972-04-13,kavya.fernandes116@example.test,+91-6818575419,IDN10918604,Kolkata,West Bengal,IN,188877,Salaried,1823267.00,Married,Graduate,EMPLOYED,2021-01-15,RETAIL,VERIFIED,LOW,f,Internet Banking,t,t,2
CUST_00117,Pooja,Kulkarni,F,1978-11-28,pooja.kulkarni117@example.test,+91-6316901170,IDN10926523,Bengaluru,Karnataka,IN,457566,Salaried,1207856.00,Married,Postgraduate,EMPLOYED,2022-08-25,RETAIL,VERIFIED,LOW,f,Internet Banking,t,t,1
CUST_00118,Lakshmi,Singh,M,1999-07-06,lakshmi.singh118@example.test,+91-6707729280,IDN10934442,Chennai,Tamil Nadu,IN,867972,Self-Employed,2628452.00,Married,Graduate,EMPLOYED,2020-12-21,PRIVATE,VERIFIED,LOW,f,Mobile Banking,t,t,2
CUST_00119,Krishna,Malhotra,F,1962-03-22,krishna.malhotra119@example.test,+91-6075984796,IDN10942361,Delhi,Delhi,IN,577358,Salaried,4692810.00,Married,Postgraduate,EMPLOYED,2018-10-12,BUSINESS,VERIFIED,HIGH,f,Mobile Banking,t,t,2
CUST_00120,Kavya,Rao,F,1998-11-15,kavya.rao120@example.test,+91-6618694978,IDN10950280,Gurugram,Haryana,IN,971940,Self-Employed,310158.00,Single,Postgraduate,EMPLOYED,2018-05-19,BUSINESS,VERIFIED,LOW,f,Mobile Banking,t,t,0
CUST_00121,Rahul,Mehta,M,2002-02-20,rahul.mehta121@example.test,+91-6371602551,IDN10958199,Hyderabad,Telangana,IN,679715,Self-Employed,3599240.00,Married,Graduate,EMPLOYED,2019-09-08,PREMIUM,VERIFIED,MEDIUM,f,Internet Banking,t,t,0
CUST_00122,Suresh,Chatterjee,M,1995-02-16,suresh.chatterjee122@example.test,+91-6075339998,IDN10966118,Delhi,Delhi,IN,682747,Salaried,538941.00,Married,Graduate,EMPLOYED,2024-10-11,PRIVATE,VERIFIED,LOW,f,Internet Banking,t,t,2
CUST_00123,Divya,Reddy,F,2000-11-07,divya.reddy123@example.test,+91-6292832093,IDN10974037,Chennai,Tamil Nadu,IN,210616,Salaried,2369365.00,Married,Postgraduate,EMPLOYED,2021-04-05,PRIVATE,PENDING,MEDIUM,f,Mobile Banking,t,t,1
CUST_00124,Sneha,Rao,M,1976-08-16,sneha.rao124@example.test,+91-6362385129,IDN10981956,Kolkata,West Bengal,IN,706005,Salaried,473013.00,Married,Postgraduate,EMPLOYED,2020-10-18,PREMIUM,PENDING,MEDIUM,f,Internet Banking,t,t,0
CUST_00125,Karthik,Bose,F,1969-03-13,karthik.bose125@example.test,+91-6625881731,IDN10989875,Gurugram,Haryana,IN,467169,Self-Employed,1377656.00,Married,Graduate,EMPLOYED,2017-05-22,PREMIUM,VERIFIED,MEDIUM,f,Mobile Banking,t,t,2
CUST_00126,Rahul,Joshi,M,1977-01-02,rahul.joshi126@example.test,+91-6207219616,IDN10997794,Pune,Maharashtra,IN,913828,Salaried,884041.00,Married,Graduate,EMPLOYED,2019-10-13,RETAIL,VERIFIED,LOW,f,Mobile Banking,t,t,2
CUST_00127,Suresh,Gupta,F,2004-10-07,suresh.gupta127@example.test,+91-6787313978,IDN11005713,Pune,Maharashtra,IN,732559,Self-Employed,2773187.00,Single,Graduate,EMPLOYED,2015-06-21,BUSINESS,VERIFIED,LOW,f,Mobile Banking,t,t,1
CUST_00128,Karthik,Rao,M,2003-03-28,karthik.rao128@example.test,+91-6003106549,IDN11013632,Pune,Maharashtra,IN,997256,Self-Employed,3302851.00,Married,Graduate,EMPLOYED,2018-07-05,PRIVATE,VERIFIED,LOW,f,Mobile Banking,t,t,0
CUST_00129,Deepa,Nair,M,1977-05-08,deepa.nair129@example.test,+91-6837394693,IDN11021551,Pune,Maharashtra,IN,824736,Self-Employed,4095327.00,Married,Graduate,EMPLOYED,2015-07-12,PREMIUM,VERIFIED,HIGH,f,Mobile Banking,t,t,0
CUST_00130,Divya,Kulkarni,F,1999-08-05,divya.kulkarni130@example.test,+91-6750938685,IDN11029470,Hyderabad,Telangana,IN,915910,Salaried,1623415.00,Married,Postgraduate,EMPLOYED,2022-10-06,PREMIUM,VERIFIED,MEDIUM,f,Mobile Banking,t,t,2
CUST_00131,Anjali,Desai,F,1960-05-27,anjali.desai131@example.test,+91-6117325669,IDN11037389,Bengaluru,Karnataka,IN,275217,Salaried,3645326.00,Married,Graduate,EMPLOYED,2023-08-28,PRIVATE,VERIFIED,MEDIUM,f,Internet Banking,t,t,1
CUST_00132,Rohan,Fernandes,M,1982-09-08,rohan.fernandes132@example.test,+91-6445010298,IDN11045308,Mumbai,Maharashtra,IN,793571,Salaried,696313.00,Single,Postgraduate,EMPLOYED,2018-03-10,BUSINESS,VERIFIED,MEDIUM,f,Internet Banking,t,t,1
CUST_00133,Arjun,Kulkarni,M,1968-04-12,arjun.kulkarni133@example.test,+91-6211006502,IDN11053227,Mumbai,Maharashtra,IN,521932,Self-Employed,3880192.00,Single,Graduate,EMPLOYED,2017-08-05,PRIVATE,VERIFIED,HIGH,f,Internet Banking,t,t,0
CUST_00134,Karthik,Nair,M,1987-05-28,karthik.nair134@example.test,+91-6591849553,IDN11061146,Delhi,Delhi,IN,119377,Salaried,4135878.00,Single,Graduate,EMPLOYED,2015-04-12,RETAIL,VERIFIED,MEDIUM,f,Mobile Banking,t,t,2
CUST_00135,Vikram,Reddy,M,1976-03-05,vikram.reddy135@example.test,+91-6591813738,IDN11069065,Hyderabad,Telangana,IN,890180,Salaried,519151.00,Married,Postgraduate,EMPLOYED,2021-08-24,RETAIL,VERIFIED,LOW,f,Mobile Banking,t,t,1
CUST_00136,Aditya,Fernandes,F,1970-04-23,aditya.fernandes136@example.test,+91-6671274639,IDN11076984,Gurugram,Haryana,IN,181724,Salaried,1911864.00,Single,Graduate,EMPLOYED,2024-06-03,BUSINESS,VERIFIED,LOW,f,Internet Banking,t,t,0
CUST_00137,Anjali,Bose,M,1972-08-01,anjali.bose137@example.test,+91-6734765320,IDN11084903,Pune,Maharashtra,IN,516029,Salaried,1569398.00,Married,Graduate,EMPLOYED,2016-02-04,PRIVATE,VERIFIED,LOW,f,Mobile Banking,t,t,0
CUST_00138,Rahul,Fernandes,M,1993-07-27,rahul.fernandes138@example.test,+91-6167422045,IDN11092822,Delhi,Delhi,IN,238523,Self-Employed,2799431.00,Married,Postgraduate,EMPLOYED,2022-03-08,PREMIUM,VERIFIED,LOW,f,Internet Banking,t,t,0
CUST_00139,Rohan,Nair,M,1986-03-04,rohan.nair139@example.test,+91-6306716859,IDN11100741,Pune,Maharashtra,IN,202249,Salaried,3320167.00,Single,Postgraduate,EMPLOYED,2018-09-10,RETAIL,VERIFIED,MEDIUM,f,Mobile Banking,t,t,0
CUST_00140,Krishna,Reddy,M,1979-07-21,krishna.reddy140@example.test,+91-6856646633,IDN11108660,Gurugram,Haryana,IN,482208,Self-Employed,2980377.00,Married,Graduate,EMPLOYED,2018-04-22,RETAIL,VERIFIED,LOW,f,Mobile Banking,t,t,1
CUST_00141,Kavya,Singh,M,1985-02-05,kavya.singh141@example.test,+91-6686247855,IDN11116579,Kolkata,West Bengal,IN,322050,Salaried,2110574.00,Married,Graduate,EMPLOYED,2019-03-02,PREMIUM,VERIFIED,LOW,f,Mobile Banking,t,t,0
CUST_00142,Arjun,Kulkarni,F,2002-05-14,arjun.kulkarni142@example.test,+91-6044699558,IDN11124498,Bengaluru,Karnataka,IN,857883,Salaried,3087318.00,Single,Graduate,EMPLOYED,2022-10-27,PREMIUM,VERIFIED,LOW,f,Internet Banking,t,t,0
CUST_00143,Lakshmi,Patel,F,1980-08-17,lakshmi.patel143@example.test,+91-6937452429,IDN11132417,Kolkata,West Bengal,IN,844812,Self-Employed,4156200.00,Single,Postgraduate,EMPLOYED,2019-05-21,PRIVATE,VERIFIED,HIGH,f,Mobile Banking,t,t,0
CUST_00144,Krishna,Iyer,M,1986-12-13,krishna.iyer144@example.test,+91-6157431485,IDN11140336,Bengaluru,Karnataka,IN,796718,Salaried,2853215.00,Single,Graduate,EMPLOYED,2020-11-15,RETAIL,VERIFIED,LOW,f,Internet Banking,t,t,1
CUST_00145,Anjali,Gupta,M,1967-02-07,anjali.gupta145@example.test,+91-6489775194,IDN11148255,Hyderabad,Telangana,IN,667231,Self-Employed,2597714.00,Married,Postgraduate,EMPLOYED,2024-08-01,PREMIUM,VERIFIED,MEDIUM,f,Mobile Banking,t,t,2
CUST_00146,Pooja,Rao,F,1968-01-11,pooja.rao146@example.test,+91-6945528719,IDN11156174,Pune,Maharashtra,IN,809370,Self-Employed,614352.00,Married,Graduate,EMPLOYED,2020-12-20,PRIVATE,VERIFIED,LOW,f,Mobile Banking,t,t,1
CUST_00147,Pooja,Singh,F,1978-09-25,pooja.singh147@example.test,+91-6704473015,IDN11164093,Chennai,Tamil Nadu,IN,578936,Salaried,3512016.00,Married,Postgraduate,EMPLOYED,2018-04-18,PREMIUM,VERIFIED,MEDIUM,f,Internet Banking,t,t,1
CUST_00148,Rahul,Singh,M,1990-02-18,rahul.singh148@example.test,+91-6548799775,IDN11172012,Delhi,Delhi,IN,894063,Salaried,2243325.00,Single,Postgraduate,EMPLOYED,2015-02-12,PRIVATE,VERIFIED,LOW,f,Internet Banking,t,t,1
CUST_00149,Arjun,Iyer,F,1991-10-05,arjun.iyer149@example.test,+91-6383232779,IDN11179931,Gurugram,Haryana,IN,867111,Self-Employed,1233775.00,Married,Graduate,EMPLOYED,2015-03-27,PRIVATE,VERIFIED,LOW,f,Mobile Banking,t,t,1
CUST_00150,Pooja,Patel,M,1966-05-07,pooja.patel150@example.test,+91-6992736463,IDN11187850,Mumbai,Maharashtra,IN,676699,Salaried,1269320.00,Married,Postgraduate,EMPLOYED,2020-07-09,BUSINESS,VERIFIED,LOW,f,Mobile Banking,t,t,0
CUST_00151,Vivek,Iyer,F,1997-02-22,vivek.iyer151@example.test,+91-6207830566,IDN11195769,Kolkata,West Bengal,IN,414894,Self-Employed,1582770.00,Single,Postgraduate,EMPLOYED,2021-10-27,PREMIUM,VERIFIED,LOW,f,Internet Banking,t,t,2
CUST_00152,Pooja,Rao,M,1960-09-22,pooja.rao152@example.test,+91-6912139699,IDN11203688,Delhi,Delhi,IN,707481,Salaried,2119957.00,Single,Postgraduate,EMPLOYED,2022-11-19,BUSINESS,VERIFIED,LOW,f,Internet Banking,t,t,1
CUST_00153,Vikram,Reddy,F,1988-01-09,vikram.reddy153@example.test,+91-6802375417,IDN11211607,Kolkata,West Bengal,IN,640412,Self-Employed,4217275.00,Married,Postgraduate,EMPLOYED,2017-02-18,PREMIUM,VERIFIED,LOW,f,Internet Banking,t,t,0
CUST_00154,Priya,Joshi,F,1981-02-17,priya.joshi154@example.test,+91-6645434927,IDN11219526,Mumbai,Maharashtra,IN,991053,Salaried,2969778.00,Single,Graduate,EMPLOYED,2015-11-16,RETAIL,VERIFIED,MEDIUM,f,Internet Banking,t,t,1
CUST_00155,Deepa,Malhotra,M,1977-02-02,deepa.malhotra155@example.test,+91-6299442274,IDN11227445,Pune,Maharashtra,IN,525199,Self-Employed,2630623.00,Married,Postgraduate,EMPLOYED,2017-09-18,PRIVATE,VERIFIED,LOW,f,Mobile Banking,t,t,1
CUST_00156,Anika,Fernandes,F,1967-12-08,anika.fernandes156@example.test,+91-6816967044,IDN11235364,Pune,Maharashtra,IN,285308,Self-Employed,4153967.00,Single,Postgraduate,EMPLOYED,2022-05-27,RETAIL,VERIFIED,MEDIUM,f,Mobile Banking,t,t,1
CUST_00157,Deepa,Fernandes,F,1961-04-04,deepa.fernandes157@example.test,+91-6834596902,IDN11243283,Chennai,Tamil Nadu,IN,976198,Salaried,2525169.00,Married,Postgraduate,EMPLOYED,2015-10-25,PRIVATE,VERIFIED,LOW,f,Mobile Banking,t,t,2
CUST_00158,Sneha,Kulkarni,F,1982-07-14,sneha.kulkarni158@example.test,+91-6887527057,IDN11251202,Bengaluru,Karnataka,IN,673745,Salaried,1136411.00,Single,Graduate,EMPLOYED,2019-02-12,BUSINESS,VERIFIED,LOW,f,Internet Banking,t,t,0
CUST_00159,Rahul,Malhotra,F,1973-09-13,rahul.malhotra159@example.test,+91-6876623163,IDN11259121,Delhi,Delhi,IN,595429,Salaried,379466.00,Married,Graduate,EMPLOYED,2021-12-26,BUSINESS,VERIFIED,LOW,f,Mobile Banking,t,t,2
CUST_00160,Anika,Sharma,F,1972-03-11,anika.sharma160@example.test,+91-6058113745,IDN11267040,Hyderabad,Telangana,IN,604115,Self-Employed,1001728.00,Single,Graduate,EMPLOYED,2021-09-19,PRIVATE,VERIFIED,LOW,f,Mobile Banking,t,t,2
CUST_00161,Karthik,Iyer,F,1969-03-08,karthik.iyer161@example.test,+91-6346033539,IDN11274959,Kolkata,West Bengal,IN,378857,Salaried,4197892.00,Married,Graduate,EMPLOYED,2020-07-10,BUSINESS,VERIFIED,LOW,f,Internet Banking,t,t,2
CUST_00162,Vikram,Gupta,F,2001-02-15,vikram.gupta162@example.test,+91-6645257838,IDN11282878,Kolkata,West Bengal,IN,177269,Self-Employed,2225081.00,Single,Postgraduate,EMPLOYED,2018-07-20,RETAIL,VERIFIED,LOW,f,Internet Banking,t,t,0
CUST_00163,Swati,Desai,F,1997-12-19,swati.desai163@example.test,+91-6400052640,IDN11290797,Chennai,Tamil Nadu,IN,851868,Self-Employed,2451013.00,Single,Graduate,EMPLOYED,2019-08-03,PRIVATE,VERIFIED,LOW,f,Internet Banking,t,t,2
CUST_00164,Manish,Mehta,F,2004-02-01,manish.mehta164@example.test,+91-6481975953,IDN11298716,Hyderabad,Telangana,IN,341583,Salaried,2856505.00,Married,Postgraduate,EMPLOYED,2023-08-17,PRIVATE,VERIFIED,LOW,f,Internet Banking,t,t,1
CUST_00165,Anika,Fernandes,F,1978-05-17,anika.fernandes165@example.test,+91-6770115421,IDN11306635,Chennai,Tamil Nadu,IN,371020,Salaried,2155002.00,Married,Postgraduate,EMPLOYED,2015-07-14,PREMIUM,VERIFIED,LOW,f,Internet Banking,t,t,2
CUST_00166,Vivek,Kulkarni,F,1981-09-06,vivek.kulkarni166@example.test,+91-6362751273,IDN11314554,Pune,Maharashtra,IN,900354,Self-Employed,2207675.00,Single,Postgraduate,EMPLOYED,2015-11-28,PREMIUM,VERIFIED,LOW,f,Internet Banking,t,t,1
CUST_00167,Krishna,Fernandes,M,1998-03-12,krishna.fernandes167@example.test,+91-6530652725,IDN11322473,Bengaluru,Karnataka,IN,747294,Salaried,1559496.00,Single,Postgraduate,EMPLOYED,2023-11-04,RETAIL,VERIFIED,LOW,f,Mobile Banking,t,t,2
CUST_00168,Rohan,Fernandes,F,1973-04-22,rohan.fernandes168@example.test,+91-6081417823,IDN11330392,Hyderabad,Telangana,IN,128905,Self-Employed,1112859.00,Single,Graduate,EMPLOYED,2020-07-11,PRIVATE,VERIFIED,LOW,f,Internet Banking,t,t,2
CUST_00169,Kavya,Gupta,M,1990-02-04,kavya.gupta169@example.test,+91-6169918152,IDN11338311,Bengaluru,Karnataka,IN,966249,Self-Employed,1166272.00,Single,Postgraduate,EMPLOYED,2023-02-19,RETAIL,VERIFIED,LOW,f,Mobile Banking,t,t,1
CUST_00170,Meera,Mehta,F,1986-06-14,meera.mehta170@example.test,+91-6772926366,IDN11346230,Bengaluru,Karnataka,IN,545187,Salaried,3176343.00,Single,Postgraduate,EMPLOYED,2015-08-20,BUSINESS,VERIFIED,LOW,f,Internet Banking,t,t,1
CUST_00171,Anika,Gupta,M,2003-06-27,anika.gupta171@example.test,+91-6258525442,IDN11354149,Bengaluru,Karnataka,IN,265084,Salaried,2146665.00,Married,Postgraduate,EMPLOYED,2015-07-16,BUSINESS,VERIFIED,LOW,f,Mobile Banking,t,t,0
CUST_00172,Krishna,Chatterjee,M,1968-04-24,krishna.chatterjee172@example.test,+91-6700172871,IDN11362068,Gurugram,Haryana,IN,269932,Self-Employed,3764635.00,Married,Graduate,EMPLOYED,2022-06-28,PRIVATE,VERIFIED,HIGH,f,Internet Banking,t,t,1
CUST_00173,Meera,Fernandes,F,1979-04-07,meera.fernandes173@example.test,+91-6900402896,IDN11369987,Kolkata,West Bengal,IN,753155,Salaried,3081637.00,Single,Postgraduate,EMPLOYED,2015-04-15,PRIVATE,VERIFIED,LOW,f,Internet Banking,t,t,2
CUST_00174,Aditya,Malhotra,M,1970-09-04,aditya.malhotra174@example.test,+91-6547278840,IDN11377906,Bengaluru,Karnataka,IN,299296,Salaried,2441043.00,Married,Postgraduate,EMPLOYED,2019-04-11,BUSINESS,VERIFIED,LOW,f,Mobile Banking,t,t,0
CUST_00175,Vikram,Malhotra,M,2002-02-26,vikram.malhotra175@example.test,+91-6668156806,IDN11385825,Kolkata,West Bengal,IN,108579,Self-Employed,370195.00,Married,Graduate,EMPLOYED,2017-12-06,PREMIUM,VERIFIED,MEDIUM,f,Mobile Banking,t,t,2
CUST_00176,Suresh,Gupta,F,1970-04-20,suresh.gupta176@example.test,+91-6634140799,IDN11393744,Kolkata,West Bengal,IN,925304,Salaried,988914.00,Married,Postgraduate,EMPLOYED,2023-09-14,PREMIUM,VERIFIED,MEDIUM,t,Internet Banking,t,t,2
CUST_00177,Pooja,Malhotra,F,1992-03-27,pooja.malhotra177@example.test,+91-6829731289,IDN11401663,Bengaluru,Karnataka,IN,474739,Self-Employed,988668.00,Single,Graduate,EMPLOYED,2016-04-13,PREMIUM,VERIFIED,LOW,f,Mobile Banking,t,t,2
CUST_00178,Pooja,Gupta,F,2004-12-09,pooja.gupta178@example.test,+91-6277859685,IDN11409582,Kolkata,West Bengal,IN,657594,Self-Employed,3260344.00,Married,Postgraduate,EMPLOYED,2023-02-21,PRIVATE,VERIFIED,LOW,f,Internet Banking,t,t,0
CUST_00179,Meera,Rao,M,1979-08-21,meera.rao179@example.test,+91-6952513151,IDN11417501,Delhi,Delhi,IN,648958,Salaried,3909058.00,Married,Postgraduate,EMPLOYED,2015-11-13,PRIVATE,VERIFIED,LOW,f,Mobile Banking,t,t,2
CUST_00180,Divya,Fernandes,F,2000-05-01,divya.fernandes180@example.test,+91-6027314980,IDN11425420,Bengaluru,Karnataka,IN,380321,Self-Employed,4440042.00,Single,Graduate,EMPLOYED,2019-01-07,PREMIUM,VERIFIED,LOW,f,Mobile Banking,t,t,2
CUST_00181,Rohan,Bose,F,1991-04-15,rohan.bose181@example.test,+91-6121464167,IDN11433339,Hyderabad,Telangana,IN,513468,Self-Employed,3069642.00,Married,Postgraduate,EMPLOYED,2015-12-20,PREMIUM,VERIFIED,LOW,f,Internet Banking,t,t,0
CUST_00182,Nisha,Iyer,M,1982-04-22,nisha.iyer182@example.test,+91-6046555623,IDN11441258,Mumbai,Maharashtra,IN,378179,Self-Employed,1626387.00,Married,Graduate,EMPLOYED,2022-09-12,RETAIL,VERIFIED,MEDIUM,f,Internet Banking,t,t,0
CUST_00183,Pooja,Kulkarni,F,1987-06-08,pooja.kulkarni183@example.test,+91-6027450272,IDN11449177,Bengaluru,Karnataka,IN,248227,Self-Employed,3074706.00,Married,Postgraduate,EMPLOYED,2016-02-14,PREMIUM,VERIFIED,MEDIUM,f,Internet Banking,t,t,0
CUST_00184,Krishna,Chatterjee,M,1994-11-09,krishna.chatterjee184@example.test,+91-6809534466,IDN11457096,Mumbai,Maharashtra,IN,992452,Self-Employed,809759.00,Single,Graduate,EMPLOYED,2020-09-19,PREMIUM,VERIFIED,LOW,f,Internet Banking,t,t,0
CUST_00185,Deepa,Sharma,F,1990-08-26,deepa.sharma185@example.test,+91-6234509776,IDN11465015,Bengaluru,Karnataka,IN,743675,Salaried,2151878.00,Single,Postgraduate,EMPLOYED,2020-03-19,RETAIL,VERIFIED,LOW,f,Mobile Banking,t,t,1
CUST_00186,Sneha,Bose,F,1964-03-10,sneha.bose186@example.test,+91-6593222144,IDN11472934,Delhi,Delhi,IN,463760,Salaried,4466095.00,Single,Graduate,EMPLOYED,2022-03-22,PREMIUM,VERIFIED,MEDIUM,f,Internet Banking,t,t,1
CUST_00187,Swati,Bose,M,1961-08-06,swati.bose187@example.test,+91-6354303320,IDN11480853,Mumbai,Maharashtra,IN,710432,Self-Employed,3943588.00,Single,Graduate,EMPLOYED,2019-10-17,BUSINESS,VERIFIED,HIGH,f,Mobile Banking,t,t,2
CUST_00188,Vivek,Gupta,M,1974-12-04,vivek.gupta188@example.test,+91-6665155660,IDN11488772,Delhi,Delhi,IN,907698,Self-Employed,2627984.00,Married,Postgraduate,EMPLOYED,2022-11-18,BUSINESS,VERIFIED,LOW,f,Internet Banking,t,t,0
CUST_00189,Sneha,Iyer,M,1976-12-03,sneha.iyer189@example.test,+91-6419774191,IDN11496691,Pune,Maharashtra,IN,548194,Self-Employed,714029.00,Married,Postgraduate,EMPLOYED,2017-12-17,BUSINESS,VERIFIED,MEDIUM,f,Mobile Banking,t,t,2
CUST_00190,Sneha,Reddy,M,1970-07-03,sneha.reddy190@example.test,+91-6826803426,IDN11504610,Bengaluru,Karnataka,IN,975038,Salaried,771440.00,Single,Graduate,EMPLOYED,2022-11-18,RETAIL,VERIFIED,LOW,f,Mobile Banking,t,t,2
CUST_00191,Sanjay,Fernandes,M,1969-03-21,sanjay.fernandes191@example.test,+91-6063304770,IDN11512529,Gurugram,Haryana,IN,704759,Salaried,3334503.00,Married,Postgraduate,EMPLOYED,2020-09-09,BUSINESS,VERIFIED,MEDIUM,f,Internet Banking,t,t,2
CUST_00192,Aditya,Singh,F,1996-01-19,aditya.singh192@example.test,+91-6827045270,IDN11520448,Mumbai,Maharashtra,IN,729111,Salaried,1808038.00,Single,Postgraduate,EMPLOYED,2017-05-13,PREMIUM,VERIFIED,MEDIUM,f,Internet Banking,t,t,2
CUST_00193,Anika,Desai,M,1996-11-04,anika.desai193@example.test,+91-6925761902,IDN11528367,Pune,Maharashtra,IN,335183,Self-Employed,470452.00,Single,Postgraduate,EMPLOYED,2018-12-23,PREMIUM,VERIFIED,MEDIUM,f,Mobile Banking,t,t,2
CUST_00194,Swati,Reddy,M,1985-09-08,swati.reddy194@example.test,+91-6573365556,IDN11536286,Kolkata,West Bengal,IN,527336,Salaried,4929670.00,Married,Graduate,EMPLOYED,2020-10-26,PREMIUM,VERIFIED,LOW,f,Mobile Banking,t,t,2
CUST_00195,Rahul,Malhotra,M,1968-08-13,rahul.malhotra195@example.test,+91-6537335005,IDN11544205,Bengaluru,Karnataka,IN,615868,Salaried,3386999.00,Married,Postgraduate,EMPLOYED,2017-11-25,BUSINESS,VERIFIED,LOW,f,Internet Banking,t,t,2
CUST_00196,Anjali,Gupta,M,1996-08-26,anjali.gupta196@example.test,+91-6205698418,IDN11552124,Kolkata,West Bengal,IN,379762,Salaried,4937965.00,Married,Postgraduate,EMPLOYED,2021-01-27,RETAIL,VERIFIED,LOW,f,Internet Banking,t,t,0
CUST_00197,Swati,Reddy,F,1991-07-07,swati.reddy197@example.test,+91-6658932643,IDN11560043,Bengaluru,Karnataka,IN,309562,Self-Employed,2752230.00,Married,Postgraduate,EMPLOYED,2015-04-09,PREMIUM,VERIFIED,LOW,f,Mobile Banking,t,t,1
CUST_00198,Sneha,Rao,F,1987-11-02,sneha.rao198@example.test,+91-6827176334,IDN11567962,Gurugram,Haryana,IN,780599,Self-Employed,3280789.00,Married,Postgraduate,EMPLOYED,2024-08-24,PREMIUM,VERIFIED,MEDIUM,f,Internet Banking,t,t,1
CUST_00199,Krishna,Malhotra,F,1984-06-25,krishna.malhotra199@example.test,+91-6523892240,IDN11575881,Mumbai,Maharashtra,IN,769111,Salaried,2419582.00,Single,Graduate,EMPLOYED,2021-01-05,RETAIL,VERIFIED,LOW,f,Internet Banking,t,t,2
CUST_00200,Manish,Kulkarni,F,1964-11-27,manish.kulkarni200@example.test,+91-6499410482,IDN11583800,Pune,Maharashtra,IN,423241,Salaried,2339789.00,Single,Postgraduate,EMPLOYED,2018-05-28,PRIVATE,VERIFIED,LOW,f,Mobile Banking,t,t,1
CUST_00201,Vikram,Patel,F,1992-03-22,vikram.patel201@example.test,+91-6245396036,IDN11591719,Mumbai,Maharashtra,IN,812232,Self-Employed,4952930.00,Married,Postgraduate,EMPLOYED,2018-08-17,RETAIL,VERIFIED,MEDIUM,f,Mobile Banking,t,t,1
CUST_00202,Rajesh,Reddy,M,1983-12-22,rajesh.reddy202@example.test,+91-6435728471,IDN11599638,Chennai,Tamil Nadu,IN,565248,Salaried,3440321.00,Married,Postgraduate,EMPLOYED,2022-09-06,BUSINESS,VERIFIED,MEDIUM,f,Mobile Banking,t,t,2
CUST_00203,Lakshmi,Kulkarni,F,2002-03-11,lakshmi.kulkarni203@example.test,+91-6638849867,IDN11607557,Chennai,Tamil Nadu,IN,466502,Self-Employed,1847371.00,Single,Postgraduate,EMPLOYED,2018-01-17,PREMIUM,VERIFIED,MEDIUM,f,Mobile Banking,t,t,0
CUST_00204,Pooja,Rao,F,1965-01-12,pooja.rao204@example.test,+91-6619555048,IDN11615476,Pune,Maharashtra,IN,577411,Salaried,1777320.00,Single,Postgraduate,EMPLOYED,2022-07-02,PRIVATE,VERIFIED,LOW,f,Mobile Banking,t,t,1
CUST_00205,Anjali,Singh,F,1993-02-15,anjali.singh205@example.test,+91-6858202215,IDN11623395,Kolkata,West Bengal,IN,852775,Self-Employed,2258149.00,Single,Graduate,EMPLOYED,2016-02-02,PRIVATE,VERIFIED,LOW,f,Mobile Banking,t,t,2
CUST_00206,Krishna,Bose,M,1971-01-15,krishna.bose206@example.test,+91-6636376708,IDN11631314,Mumbai,Maharashtra,IN,790191,Salaried,3313452.00,Single,Graduate,EMPLOYED,2023-01-27,PREMIUM,VERIFIED,MEDIUM,t,Internet Banking,t,t,1
CUST_00207,Rahul,Chatterjee,M,1995-02-05,rahul.chatterjee207@example.test,+91-6525104021,IDN11639233,Mumbai,Maharashtra,IN,570094,Self-Employed,2081438.00,Married,Graduate,EMPLOYED,2019-07-10,PRIVATE,VERIFIED,LOW,t,Internet Banking,t,t,2
CUST_00208,Kavya,Bose,M,1990-10-19,kavya.bose208@example.test,+91-6095040802,IDN11647152,Bengaluru,Karnataka,IN,236894,Salaried,3828426.00,Single,Postgraduate,EMPLOYED,2015-04-02,RETAIL,VERIFIED,HIGH,f,Mobile Banking,t,t,1
CUST_00209,Sneha,Joshi,M,1986-03-25,sneha.joshi209@example.test,+91-6810578137,IDN11655071,Chennai,Tamil Nadu,IN,557596,Salaried,4938645.00,Married,Postgraduate,EMPLOYED,2022-01-23,RETAIL,PENDING,LOW,f,Mobile Banking,t,t,2
CUST_00210,Rajesh,Iyer,F,1976-05-23,rajesh.iyer210@example.test,+91-6495794399,IDN11662990,Chennai,Tamil Nadu,IN,511719,Self-Employed,1925571.00,Single,Graduate,EMPLOYED,2019-03-27,PRIVATE,VERIFIED,LOW,f,Internet Banking,t,t,0
CUST_00211,Anjali,Desai,F,1960-04-09,anjali.desai211@example.test,+91-6522839083,IDN11670909,Pune,Maharashtra,IN,368892,Self-Employed,587939.00,Single,Postgraduate,EMPLOYED,2022-12-21,BUSINESS,VERIFIED,LOW,f,Mobile Banking,t,t,1
CUST_00212,Karthik,Sharma,M,1998-06-22,karthik.sharma212@example.test,+91-6157796662,IDN11678828,Chennai,Tamil Nadu,IN,623404,Salaried,4602754.00,Married,Postgraduate,EMPLOYED,2024-07-12,BUSINESS,VERIFIED,LOW,f,Mobile Banking,t,t,1
CUST_00213,Pooja,Rao,M,1977-07-22,pooja.rao213@example.test,+91-6577795565,IDN11686747,Delhi,Delhi,IN,265447,Self-Employed,1415231.00,Married,Postgraduate,EMPLOYED,2022-01-27,PREMIUM,VERIFIED,HIGH,f,Internet Banking,t,t,1
CUST_00214,Manish,Bose,F,1969-03-28,manish.bose214@example.test,+91-6975634808,IDN11694666,Delhi,Delhi,IN,459519,Salaried,4646830.00,Single,Graduate,EMPLOYED,2018-08-08,BUSINESS,VERIFIED,LOW,f,Internet Banking,t,t,1
CUST_00215,Sanjay,Chatterjee,F,1970-01-19,sanjay.chatterjee215@example.test,+91-6260352754,IDN11702585,Gurugram,Haryana,IN,429891,Salaried,3030054.00,Married,Postgraduate,EMPLOYED,2016-09-04,PRIVATE,VERIFIED,MEDIUM,f,Internet Banking,t,t,2
CUST_00216,Anika,Malhotra,F,1975-05-22,anika.malhotra216@example.test,+91-6662465522,IDN11710504,Delhi,Delhi,IN,988423,Self-Employed,3626993.00,Married,Postgraduate,EMPLOYED,2023-08-09,BUSINESS,VERIFIED,MEDIUM,f,Mobile Banking,t,t,0
CUST_00217,Krishna,Kulkarni,F,1988-07-10,krishna.kulkarni217@example.test,+91-6882005556,IDN11718423,Gurugram,Haryana,IN,298159,Salaried,2777457.00,Married,Postgraduate,EMPLOYED,2015-12-17,RETAIL,VERIFIED,HIGH,f,Internet Banking,t,t,0
CUST_00218,Kavya,Patel,M,1972-01-22,kavya.patel218@example.test,+91-6823547809,IDN11726342,Bengaluru,Karnataka,IN,874357,Salaried,1876851.00,Single,Postgraduate,EMPLOYED,2022-07-04,PRIVATE,VERIFIED,LOW,f,Mobile Banking,t,t,0
CUST_00219,Vikram,Fernandes,M,1975-06-13,vikram.fernandes219@example.test,+91-6882868764,IDN11734261,Delhi,Delhi,IN,594182,Salaried,525304.00,Single,Postgraduate,EMPLOYED,2018-11-16,PREMIUM,VERIFIED,MEDIUM,f,Internet Banking,t,t,0
CUST_00220,Pooja,Mehta,F,1990-11-22,pooja.mehta220@example.test,+91-6451830941,IDN11742180,Bengaluru,Karnataka,IN,749373,Salaried,3741145.00,Single,Graduate,EMPLOYED,2018-09-28,PRIVATE,VERIFIED,LOW,f,Mobile Banking,t,t,1
CUST_00221,Vikram,Chatterjee,M,1962-11-14,vikram.chatterjee221@example.test,+91-6615884656,IDN11750099,Kolkata,West Bengal,IN,758939,Salaried,2639276.00,Single,Graduate,EMPLOYED,2019-08-02,RETAIL,VERIFIED,LOW,f,Mobile Banking,t,t,1
CUST_00222,Pooja,Patel,F,1967-04-07,pooja.patel222@example.test,+91-6040230156,IDN11758018,Hyderabad,Telangana,IN,419584,Salaried,2403215.00,Single,Postgraduate,EMPLOYED,2021-04-11,BUSINESS,VERIFIED,LOW,f,Internet Banking,t,t,1
CUST_00223,Meera,Kulkarni,F,1983-02-04,meera.kulkarni223@example.test,+91-6140336611,IDN11765937,Mumbai,Maharashtra,IN,438995,Salaried,3407721.00,Single,Postgraduate,EMPLOYED,2016-07-09,BUSINESS,VERIFIED,LOW,f,Mobile Banking,t,t,2
CUST_00224,Karthik,Gupta,F,1986-01-06,karthik.gupta224@example.test,+91-6182678207,IDN11773856,Hyderabad,Telangana,IN,840560,Salaried,3158301.00,Single,Graduate,EMPLOYED,2023-08-10,PREMIUM,VERIFIED,MEDIUM,f,Internet Banking,t,t,2
CUST_00225,Krishna,Sharma,F,1961-01-21,krishna.sharma225@example.test,+91-6828680259,IDN11781775,Hyderabad,Telangana,IN,130832,Self-Employed,2101889.00,Married,Postgraduate,EMPLOYED,2019-03-25,BUSINESS,VERIFIED,LOW,f,Internet Banking,t,t,0
CUST_00226,Krishna,Joshi,F,1975-09-13,krishna.joshi226@example.test,+91-6825978749,IDN11789694,Delhi,Delhi,IN,625330,Self-Employed,1185101.00,Single,Graduate,EMPLOYED,2023-09-12,PREMIUM,VERIFIED,HIGH,f,Internet Banking,t,t,1
CUST_00227,Kavya,Iyer,F,1980-09-17,kavya.iyer227@example.test,+91-6198268488,IDN11797613,Kolkata,West Bengal,IN,219352,Self-Employed,3108381.00,Married,Postgraduate,EMPLOYED,2021-08-03,BUSINESS,VERIFIED,LOW,f,Internet Banking,t,t,0
CUST_00228,Pooja,Sharma,F,1985-12-13,pooja.sharma228@example.test,+91-6774115794,IDN11805532,Mumbai,Maharashtra,IN,310874,Salaried,1682402.00,Married,Graduate,EMPLOYED,2015-03-22,PREMIUM,VERIFIED,LOW,f,Mobile Banking,t,t,1
CUST_00229,Vikram,Sharma,F,1976-09-05,vikram.sharma229@example.test,+91-6438492674,IDN11813451,Kolkata,West Bengal,IN,508520,Self-Employed,4964390.00,Married,Graduate,EMPLOYED,2018-12-10,BUSINESS,VERIFIED,MEDIUM,f,Mobile Banking,t,t,0
CUST_00230,Aditya,Malhotra,M,2000-06-17,aditya.malhotra230@example.test,+91-6130294422,IDN11821370,Bengaluru,Karnataka,IN,659146,Salaried,3633693.00,Married,Postgraduate,EMPLOYED,2023-12-10,PRIVATE,VERIFIED,LOW,f,Mobile Banking,t,t,1
CUST_00231,Krishna,Malhotra,M,1962-11-06,krishna.malhotra231@example.test,+91-6900880608,IDN11829289,Pune,Maharashtra,IN,679043,Self-Employed,1622073.00,Married,Graduate,EMPLOYED,2017-01-06,PREMIUM,VERIFIED,LOW,f,Internet Banking,t,t,2
CUST_00232,Aditya,Mehta,M,1991-08-15,aditya.mehta232@example.test,+91-6430158091,IDN11837208,Pune,Maharashtra,IN,492355,Self-Employed,3014497.00,Married,Postgraduate,EMPLOYED,2022-10-09,PRIVATE,VERIFIED,LOW,f,Internet Banking,t,t,2
CUST_00233,Arjun,Fernandes,M,1960-01-25,arjun.fernandes233@example.test,+91-6666909287,IDN11845127,Kolkata,West Bengal,IN,967293,Salaried,2597231.00,Married,Postgraduate,EMPLOYED,2018-04-21,PRIVATE,VERIFIED,LOW,f,Internet Banking,t,t,0
CUST_00234,Sanjay,Desai,M,1999-09-11,sanjay.desai234@example.test,+91-6593413526,IDN11853046,Mumbai,Maharashtra,IN,637558,Salaried,2218398.00,Single,Postgraduate,EMPLOYED,2015-09-15,PREMIUM,VERIFIED,MEDIUM,f,Internet Banking,t,t,0
CUST_00235,Anika,Malhotra,F,1982-04-07,anika.malhotra235@example.test,+91-6704675320,IDN11860965,Pune,Maharashtra,IN,687196,Self-Employed,2048564.00,Single,Postgraduate,EMPLOYED,2016-11-11,PREMIUM,VERIFIED,LOW,f,Internet Banking,t,t,0
CUST_00236,Nisha,Iyer,F,1977-08-03,nisha.iyer236@example.test,+91-6415505352,IDN11868884,Gurugram,Haryana,IN,380176,Salaried,896624.00,Single,Graduate,EMPLOYED,2017-10-24,PRIVATE,VERIFIED,LOW,f,Internet Banking,t,t,0
CUST_00237,Deepa,Nair,M,2000-05-28,deepa.nair237@example.test,+91-6513335533,IDN11876803,Delhi,Delhi,IN,611431,Salaried,2165733.00,Single,Graduate,EMPLOYED,2023-02-10,BUSINESS,VERIFIED,MEDIUM,f,Mobile Banking,t,t,2
CUST_00238,Krishna,Joshi,M,1973-04-25,krishna.joshi238@example.test,+91-6229523879,IDN11884722,Pune,Maharashtra,IN,212206,Salaried,1882069.00,Single,Graduate,EMPLOYED,2020-10-18,PRIVATE,VERIFIED,LOW,f,Internet Banking,t,t,2
CUST_00239,Swati,Mehta,F,1978-09-14,swati.mehta239@example.test,+91-6607968251,IDN11892641,Hyderabad,Telangana,IN,868621,Self-Employed,480193.00,Single,Postgraduate,EMPLOYED,2022-10-08,RETAIL,VERIFIED,LOW,f,Mobile Banking,t,t,2
CUST_00240,Rahul,Bose,M,1972-10-11,rahul.bose240@example.test,+91-6331152799,IDN11900560,Chennai,Tamil Nadu,IN,772265,Self-Employed,2247347.00,Single,Postgraduate,EMPLOYED,2018-11-13,BUSINESS,VERIFIED,LOW,f,Mobile Banking,t,t,0
CUST_00241,Priya,Mehta,F,1962-04-05,priya.mehta241@example.test,+91-6518287398,IDN11908479,Kolkata,West Bengal,IN,791248,Self-Employed,2226447.00,Single,Graduate,EMPLOYED,2019-01-08,PRIVATE,VERIFIED,MEDIUM,f,Internet Banking,t,t,2
CUST_00242,Vivek,Nair,M,1981-06-19,vivek.nair242@example.test,+91-6827161853,IDN11916398,Bengaluru,Karnataka,IN,644137,Self-Employed,1303687.00,Married,Postgraduate,EMPLOYED,2015-06-02,PRIVATE,VERIFIED,LOW,f,Mobile Banking,t,t,2
CUST_00243,Rohan,Malhotra,M,1982-05-07,rohan.malhotra243@example.test,+91-6672044210,IDN11924317,Pune,Maharashtra,IN,408015,Salaried,4320538.00,Single,Graduate,EMPLOYED,2024-01-19,RETAIL,VERIFIED,LOW,f,Internet Banking,t,t,0
CUST_00244,Rajesh,Reddy,M,1964-10-09,rajesh.reddy244@example.test,+91-6397867397,IDN11932236,Hyderabad,Telangana,IN,951457,Salaried,1738013.00,Married,Postgraduate,EMPLOYED,2017-10-08,BUSINESS,VERIFIED,LOW,f,Mobile Banking,t,t,1
CUST_00245,Rahul,Chatterjee,M,2002-04-14,rahul.chatterjee245@example.test,+91-6858699476,IDN11940155,Pune,Maharashtra,IN,248657,Salaried,4508219.00,Single,Postgraduate,EMPLOYED,2021-10-23,BUSINESS,VERIFIED,MEDIUM,t,Internet Banking,t,t,0
CUST_00246,Suresh,Iyer,M,1981-05-05,suresh.iyer246@example.test,+91-6554939573,IDN11948074,Kolkata,West Bengal,IN,805957,Salaried,4979514.00,Single,Postgraduate,EMPLOYED,2019-05-01,RETAIL,VERIFIED,LOW,f,Mobile Banking,t,t,0
CUST_00247,Priya,Iyer,M,1999-01-13,priya.iyer247@example.test,+91-6906406075,IDN11955993,Delhi,Delhi,IN,209465,Salaried,2985828.00,Married,Postgraduate,EMPLOYED,2017-08-26,PRIVATE,VERIFIED,LOW,f,Internet Banking,t,t,2
CUST_00248,Rahul,Desai,M,1976-05-20,rahul.desai248@example.test,+91-6624046532,IDN11963912,Delhi,Delhi,IN,909967,Salaried,2214931.00,Single,Postgraduate,EMPLOYED,2022-12-18,BUSINESS,VERIFIED,LOW,f,Mobile Banking,t,t,2
CUST_00249,Meera,Iyer,M,1963-05-09,meera.iyer249@example.test,+91-6578250725,IDN11971831,Chennai,Tamil Nadu,IN,917623,Self-Employed,1144773.00,Single,Graduate,EMPLOYED,2021-02-18,BUSINESS,VERIFIED,LOW,f,Mobile Banking,t,t,0
CUST_00250,Priya,Malhotra,M,1961-01-28,priya.malhotra250@example.test,+91-6486284934,IDN11979750,Pune,Maharashtra,IN,463850,Self-Employed,3088212.00,Married,Graduate,EMPLOYED,2021-04-13,PREMIUM,VERIFIED,LOW,f,Internet Banking,t,t,0
CUST_00251,Pooja,Patel,M,1963-07-23,pooja.patel251@example.test,+91-6069497674,IDN11987669,Delhi,Delhi,IN,904104,Salaried,2675344.00,Single,Postgraduate,EMPLOYED,2015-05-13,PREMIUM,VERIFIED,MEDIUM,f,Mobile Banking,t,t,2
CUST_00252,Anika,Rao,F,1979-12-27,anika.rao252@example.test,+91-6903629634,IDN11995588,Pune,Maharashtra,IN,950808,Salaried,3055626.00,Single,Graduate,EMPLOYED,2017-03-04,BUSINESS,VERIFIED,LOW,t,Mobile Banking,t,t,1
CUST_00253,Anika,Fernandes,F,2002-09-01,anika.fernandes253@example.test,+91-6283945235,IDN12003507,Pune,Maharashtra,IN,873652,Self-Employed,1708594.00,Single,Postgraduate,EMPLOYED,2023-05-20,BUSINESS,VERIFIED,LOW,f,Internet Banking,t,t,1
CUST_00254,Priya,Malhotra,M,1963-03-03,priya.malhotra254@example.test,+91-6478306488,IDN12011426,Mumbai,Maharashtra,IN,375381,Salaried,1591325.00,Married,Graduate,EMPLOYED,2024-12-01,PRIVATE,VERIFIED,LOW,f,Mobile Banking,t,t,0
CUST_00255,Karthik,Iyer,M,1974-12-01,karthik.iyer255@example.test,+91-6572814082,IDN12019345,Gurugram,Haryana,IN,606392,Self-Employed,1552704.00,Single,Graduate,EMPLOYED,2019-07-07,BUSINESS,VERIFIED,LOW,f,Mobile Banking,t,t,2
CUST_00256,Meera,Patel,F,1967-12-07,meera.patel256@example.test,+91-6486736396,IDN12027264,Bengaluru,Karnataka,IN,575977,Self-Employed,778334.00,Single,Graduate,EMPLOYED,2015-01-02,PRIVATE,VERIFIED,LOW,f,Internet Banking,t,t,2
CUST_00257,Anika,Rao,F,1974-08-25,anika.rao257@example.test,+91-6473003868,IDN12035183,Gurugram,Haryana,IN,397892,Self-Employed,2678753.00,Married,Postgraduate,EMPLOYED,2022-10-13,PRIVATE,VERIFIED,LOW,f,Internet Banking,t,t,1
CUST_00258,Anika,Desai,F,1978-08-12,anika.desai258@example.test,+91-6528041494,IDN12043102,Pune,Maharashtra,IN,666070,Salaried,3435587.00,Married,Graduate,EMPLOYED,2019-09-03,BUSINESS,VERIFIED,MEDIUM,f,Internet Banking,t,t,0
CUST_00259,Arjun,Iyer,M,1961-10-10,arjun.iyer259@example.test,+91-6525350589,IDN12051021,Delhi,Delhi,IN,881231,Self-Employed,666061.00,Married,Postgraduate,EMPLOYED,2019-10-25,PRIVATE,VERIFIED,MEDIUM,f,Mobile Banking,t,t,2
CUST_00260,Karthik,Bose,F,1991-12-15,karthik.bose260@example.test,+91-6547631243,IDN12058940,Chennai,Tamil Nadu,IN,690891,Salaried,1497681.00,Single,Graduate,EMPLOYED,2024-01-14,RETAIL,VERIFIED,LOW,f,Mobile Banking,t,t,1
CUST_00261,Anjali,Bose,F,1990-04-23,anjali.bose261@example.test,+91-6145967839,IDN12066859,Delhi,Delhi,IN,532262,Self-Employed,3885039.00,Single,Graduate,EMPLOYED,2015-11-20,PREMIUM,VERIFIED,LOW,f,Mobile Banking,t,t,1
CUST_00262,Karthik,Reddy,M,2002-09-15,karthik.reddy262@example.test,+91-6778968591,IDN12074778,Kolkata,West Bengal,IN,544879,Salaried,514249.00,Single,Postgraduate,EMPLOYED,2016-06-10,PREMIUM,VERIFIED,LOW,f,Internet Banking,t,t,2
CUST_00263,Divya,Rao,M,1984-01-17,divya.rao263@example.test,+91-6022120323,IDN12082697,Kolkata,West Bengal,IN,935894,Self-Employed,576738.00,Single,Postgraduate,EMPLOYED,2023-10-14,PREMIUM,VERIFIED,LOW,f,Internet Banking,t,t,0
CUST_00264,Sneha,Singh,M,1992-01-04,sneha.singh264@example.test,+91-6485478251,IDN12090616,Mumbai,Maharashtra,IN,929325,Self-Employed,1724116.00,Married,Postgraduate,EMPLOYED,2015-04-10,PRIVATE,VERIFIED,LOW,f,Mobile Banking,t,t,0
CUST_00265,Lakshmi,Chatterjee,F,1979-08-18,lakshmi.chatterjee265@example.test,+91-6654283633,IDN12098535,Delhi,Delhi,IN,397944,Salaried,4266285.00,Married,Graduate,EMPLOYED,2016-07-27,PRIVATE,VERIFIED,HIGH,f,Mobile Banking,t,t,1
CUST_00266,Rajesh,Rao,M,2001-05-03,rajesh.rao266@example.test,+91-6346092506,IDN12106454,Delhi,Delhi,IN,367022,Self-Employed,2693912.00,Single,Graduate,EMPLOYED,2019-10-09,RETAIL,VERIFIED,LOW,f,Internet Banking,t,t,0
CUST_00267,Aditya,Fernandes,M,1993-07-05,aditya.fernandes267@example.test,+91-6948837801,IDN12114373,Kolkata,West Bengal,IN,856298,Salaried,1654804.00,Married,Postgraduate,EMPLOYED,2017-06-07,RETAIL,VERIFIED,MEDIUM,f,Mobile Banking,t,t,2
CUST_00268,Rajesh,Kulkarni,F,1983-09-09,rajesh.kulkarni268@example.test,+91-6713437841,IDN12122292,Mumbai,Maharashtra,IN,453926,Salaried,956928.00,Single,Graduate,EMPLOYED,2024-01-06,RETAIL,VERIFIED,MEDIUM,f,Mobile Banking,t,t,1
CUST_00269,Pooja,Singh,F,1993-04-11,pooja.singh269@example.test,+91-6846375066,IDN12130211,Pune,Maharashtra,IN,211089,Salaried,548468.00,Married,Postgraduate,EMPLOYED,2021-07-27,RETAIL,VERIFIED,LOW,f,Internet Banking,t,t,2
CUST_00270,Nisha,Chatterjee,F,1985-05-28,nisha.chatterjee270@example.test,+91-6280265073,IDN12138130,Hyderabad,Telangana,IN,718591,Self-Employed,1983960.00,Single,Graduate,EMPLOYED,2022-11-15,BUSINESS,VERIFIED,LOW,f,Internet Banking,t,t,1
CUST_00271,Manish,Sharma,M,1988-04-28,manish.sharma271@example.test,+91-6120511030,IDN12146049,Gurugram,Haryana,IN,901070,Self-Employed,1760007.00,Single,Graduate,EMPLOYED,2015-07-08,PRIVATE,VERIFIED,LOW,f,Internet Banking,t,t,2
CUST_00272,Karthik,Reddy,M,1990-05-06,karthik.reddy272@example.test,+91-6683613906,IDN12153968,Hyderabad,Telangana,IN,102620,Salaried,3440407.00,Married,Postgraduate,EMPLOYED,2023-09-15,PRIVATE,VERIFIED,LOW,f,Mobile Banking,t,t,0
CUST_00273,Deepa,Kulkarni,M,1993-04-08,deepa.kulkarni273@example.test,+91-6830984772,IDN12161887,Bengaluru,Karnataka,IN,328175,Self-Employed,2675551.00,Married,Graduate,EMPLOYED,2024-04-02,PRIVATE,VERIFIED,MEDIUM,f,Mobile Banking,t,t,1
CUST_00274,Arjun,Gupta,F,2002-07-27,arjun.gupta274@example.test,+91-6132447895,IDN12169806,Bengaluru,Karnataka,IN,765643,Self-Employed,3520095.00,Single,Postgraduate,EMPLOYED,2019-01-28,BUSINESS,VERIFIED,LOW,f,Internet Banking,t,t,2
CUST_00275,Anika,Joshi,M,1988-12-16,anika.joshi275@example.test,+91-6646489898,IDN12177725,Hyderabad,Telangana,IN,303656,Self-Employed,949924.00,Single,Postgraduate,EMPLOYED,2018-08-15,PRIVATE,VERIFIED,LOW,f,Mobile Banking,t,t,1
CUST_00276,Vikram,Kulkarni,M,2004-12-04,vikram.kulkarni276@example.test,+91-6690108823,IDN12185644,Hyderabad,Telangana,IN,269965,Self-Employed,686331.00,Single,Postgraduate,EMPLOYED,2023-07-26,PREMIUM,VERIFIED,LOW,f,Mobile Banking,t,t,2
CUST_00277,Pooja,Nair,F,1992-11-08,pooja.nair277@example.test,+91-6586301026,IDN12193563,Gurugram,Haryana,IN,405769,Self-Employed,4127899.00,Single,Graduate,EMPLOYED,2024-08-24,PRIVATE,VERIFIED,LOW,t,Internet Banking,t,t,1
CUST_00278,Manish,Kulkarni,F,1967-12-01,manish.kulkarni278@example.test,+91-6650590949,IDN12201482,Bengaluru,Karnataka,IN,873352,Salaried,2276986.00,Single,Postgraduate,EMPLOYED,2018-10-23,PREMIUM,VERIFIED,LOW,f,Internet Banking,t,t,1
CUST_00279,Vikram,Nair,M,1984-02-05,vikram.nair279@example.test,+91-6723332063,IDN12209401,Gurugram,Haryana,IN,726065,Self-Employed,1781493.00,Married,Graduate,EMPLOYED,2022-03-10,RETAIL,VERIFIED,LOW,f,Mobile Banking,t,t,2
CUST_00280,Anjali,Kulkarni,F,1991-08-19,anjali.kulkarni280@example.test,+91-6310982971,IDN12217320,Delhi,Delhi,IN,893050,Self-Employed,283209.00,Single,Graduate,EMPLOYED,2016-05-02,RETAIL,VERIFIED,LOW,f,Internet Banking,t,t,2
CUST_00281,Meera,Gupta,F,1990-06-20,meera.gupta281@example.test,+91-6215385544,IDN12225239,Mumbai,Maharashtra,IN,944584,Self-Employed,1221959.00,Single,Postgraduate,EMPLOYED,2015-09-03,PRIVATE,VERIFIED,MEDIUM,f,Internet Banking,t,t,1
CUST_00282,Lakshmi,Rao,F,1964-08-06,lakshmi.rao282@example.test,+91-6201136833,IDN12233158,Mumbai,Maharashtra,IN,266999,Salaried,1883870.00,Married,Graduate,EMPLOYED,2024-02-13,BUSINESS,VERIFIED,MEDIUM,f,Internet Banking,t,t,2
CUST_00283,Priya,Kulkarni,M,1996-04-13,priya.kulkarni283@example.test,+91-6073185410,IDN12241077,Pune,Maharashtra,IN,637423,Self-Employed,4161904.00,Married,Postgraduate,EMPLOYED,2015-05-01,PRIVATE,VERIFIED,MEDIUM,f,Internet Banking,t,t,1
CUST_00284,Lakshmi,Joshi,F,1960-07-16,lakshmi.joshi284@example.test,+91-6775483952,IDN12248996,Kolkata,West Bengal,IN,996980,Self-Employed,3995073.00,Single,Graduate,EMPLOYED,2019-11-01,RETAIL,VERIFIED,LOW,f,Mobile Banking,t,t,1
CUST_00285,Sneha,Iyer,M,1986-01-03,sneha.iyer285@example.test,+91-6387545218,IDN12256915,Gurugram,Haryana,IN,325148,Self-Employed,726943.00,Married,Graduate,EMPLOYED,2023-04-09,PREMIUM,VERIFIED,LOW,f,Internet Banking,t,t,1
CUST_00286,Deepa,Patel,M,1960-01-20,deepa.patel286@example.test,+91-6046139102,IDN12264834,Chennai,Tamil Nadu,IN,785207,Salaried,4917058.00,Single,Graduate,EMPLOYED,2023-06-25,BUSINESS,VERIFIED,LOW,f,Mobile Banking,t,t,1
CUST_00287,Aditya,Gupta,F,1965-06-23,aditya.gupta287@example.test,+91-6678021447,IDN12272753,Bengaluru,Karnataka,IN,241590,Self-Employed,4491285.00,Single,Postgraduate,EMPLOYED,2016-10-01,RETAIL,VERIFIED,LOW,f,Internet Banking,t,t,1
CUST_00288,Meera,Malhotra,F,1980-04-06,meera.malhotra288@example.test,+91-6377032354,IDN12280672,Chennai,Tamil Nadu,IN,285167,Self-Employed,602568.00,Single,Postgraduate,EMPLOYED,2022-03-10,RETAIL,VERIFIED,HIGH,f,Mobile Banking,t,t,2
CUST_00289,Vivek,Fernandes,F,1960-10-01,vivek.fernandes289@example.test,+91-6391414115,IDN12288591,Chennai,Tamil Nadu,IN,180868,Salaried,2195611.00,Married,Graduate,EMPLOYED,2023-12-23,PRIVATE,VERIFIED,MEDIUM,f,Internet Banking,t,t,0
CUST_00290,Kavya,Chatterjee,F,1990-09-08,kavya.chatterjee290@example.test,+91-6661177977,IDN12296510,Bengaluru,Karnataka,IN,117934,Salaried,2678928.00,Single,Postgraduate,EMPLOYED,2016-05-15,RETAIL,VERIFIED,LOW,f,Mobile Banking,t,t,0
CUST_00291,Meera,Fernandes,M,1960-10-28,meera.fernandes291@example.test,+91-6335877294,IDN12304429,Chennai,Tamil Nadu,IN,219419,Salaried,2707563.00,Married,Postgraduate,EMPLOYED,2015-04-13,RETAIL,VERIFIED,LOW,f,Internet Banking,t,t,2
CUST_00292,Lakshmi,Rao,F,1994-04-18,lakshmi.rao292@example.test,+91-6764793793,IDN12312348,Chennai,Tamil Nadu,IN,561746,Self-Employed,3811668.00,Single,Postgraduate,EMPLOYED,2016-06-28,PRIVATE,VERIFIED,HIGH,f,Internet Banking,t,t,2
CUST_00293,Aditya,Reddy,M,1970-12-11,aditya.reddy293@example.test,+91-6222237643,IDN12320267,Chennai,Tamil Nadu,IN,431995,Salaried,1825254.00,Married,Graduate,EMPLOYED,2018-11-18,RETAIL,VERIFIED,LOW,f,Mobile Banking,t,t,2
CUST_00294,Pooja,Chatterjee,M,1998-04-14,pooja.chatterjee294@example.test,+91-6677245565,IDN12328186,Hyderabad,Telangana,IN,596198,Salaried,1070931.00,Single,Graduate,EMPLOYED,2024-01-17,RETAIL,VERIFIED,LOW,f,Internet Banking,t,t,0
CUST_00295,Sanjay,Bose,F,1978-08-24,sanjay.bose295@example.test,+91-6510904555,IDN12336105,Gurugram,Haryana,IN,170411,Salaried,1205458.00,Single,Graduate,EMPLOYED,2024-01-05,PREMIUM,VERIFIED,LOW,f,Mobile Banking,t,t,0
CUST_00296,Rohan,Rao,M,1990-08-14,rohan.rao296@example.test,+91-6059404845,IDN12344024,Chennai,Tamil Nadu,IN,889375,Self-Employed,3728869.00,Single,Postgraduate,EMPLOYED,2016-05-08,PRIVATE,VERIFIED,HIGH,f,Internet Banking,t,t,1
CUST_00297,Anika,Mehta,F,1966-12-20,anika.mehta297@example.test,+91-6611861444,IDN12351943,Chennai,Tamil Nadu,IN,451462,Salaried,2200501.00,Single,Graduate,EMPLOYED,2016-11-26,RETAIL,VERIFIED,MEDIUM,f,Mobile Banking,t,t,0
CUST_00298,Deepa,Joshi,M,1991-01-25,deepa.joshi298@example.test,+91-6326632522,IDN12359862,Chennai,Tamil Nadu,IN,490612,Salaried,4882975.00,Married,Postgraduate,EMPLOYED,2020-11-28,RETAIL,VERIFIED,HIGH,f,Mobile Banking,t,t,1
CUST_00299,Divya,Desai,M,1986-10-05,divya.desai299@example.test,+91-6791180707,IDN12367781,Chennai,Tamil Nadu,IN,776070,Salaried,866394.00,Single,Graduate,EMPLOYED,2022-04-09,RETAIL,VERIFIED,LOW,f,Internet Banking,t,t,2
CUST_00300,Krishna,Malhotra,F,1989-12-13,krishna.malhotra300@example.test,+91-6044318567,IDN12375700,Pune,Maharashtra,IN,484094,Self-Employed,3438731.00,Single,Graduate,EMPLOYED,2018-04-20,PREMIUM,VERIFIED,LOW,f,Internet Banking,t,t,0
CUST_00301,Suresh,Iyer,M,2001-01-06,suresh.iyer301@example.test,+91-6231946515,IDN12383619,Gurugram,Haryana,IN,373422,Salaried,3928823.00,Married,Postgraduate,EMPLOYED,2019-03-26,BUSINESS,VERIFIED,LOW,f,Internet Banking,t,t,0
CUST_00302,Nisha,Patel,F,1998-03-15,nisha.patel302@example.test,+91-6171319527,IDN12391538,Delhi,Delhi,IN,412971,Self-Employed,2884252.00,Single,Graduate,EMPLOYED,2023-02-11,BUSINESS,VERIFIED,LOW,f,Internet Banking,t,t,1
CUST_00303,Anjali,Sharma,F,1974-12-12,anjali.sharma303@example.test,+91-6435646260,IDN12399457,Hyderabad,Telangana,IN,458238,Self-Employed,2707507.00,Married,Graduate,EMPLOYED,2020-03-10,BUSINESS,VERIFIED,LOW,f,Mobile Banking,t,t,1
CUST_00304,Anjali,Mehta,F,1971-12-26,anjali.mehta304@example.test,+91-6090746724,IDN12407376,Mumbai,Maharashtra,IN,308747,Self-Employed,355847.00,Married,Postgraduate,EMPLOYED,2024-03-27,PREMIUM,VERIFIED,MEDIUM,f,Internet Banking,t,t,2
CUST_00305,Deepa,Desai,F,1970-03-03,deepa.desai305@example.test,+91-6811911843,IDN12415295,Bengaluru,Karnataka,IN,992687,Salaried,4268428.00,Single,Graduate,EMPLOYED,2016-07-16,PREMIUM,VERIFIED,LOW,f,Mobile Banking,t,t,1
CUST_00306,Rohan,Kulkarni,F,1960-09-27,rohan.kulkarni306@example.test,+91-6832163246,IDN12423214,Bengaluru,Karnataka,IN,518089,Salaried,3904774.00,Married,Graduate,EMPLOYED,2017-05-14,PREMIUM,VERIFIED,LOW,f,Internet Banking,t,t,0
CUST_00307,Kavya,Fernandes,F,1960-06-20,kavya.fernandes307@example.test,+91-6378049546,IDN12431133,Mumbai,Maharashtra,IN,995410,Self-Employed,2270366.00,Single,Postgraduate,EMPLOYED,2015-11-18,BUSINESS,VERIFIED,MEDIUM,f,Mobile Banking,t,t,0
CUST_00308,Aditya,Malhotra,M,1977-01-18,aditya.malhotra308@example.test,+91-6375665244,IDN12439052,Kolkata,West Bengal,IN,748524,Self-Employed,2312431.00,Married,Postgraduate,EMPLOYED,2015-12-01,PREMIUM,VERIFIED,LOW,f,Internet Banking,t,t,2
CUST_00309,Sanjay,Fernandes,F,1992-03-13,sanjay.fernandes309@example.test,+91-6182576718,IDN12446971,Kolkata,West Bengal,IN,120797,Salaried,2930902.00,Single,Graduate,EMPLOYED,2019-01-07,BUSINESS,VERIFIED,LOW,f,Mobile Banking,t,t,1
CUST_00310,Rajesh,Nair,M,1994-08-23,rajesh.nair310@example.test,+91-6443151384,IDN12454890,Mumbai,Maharashtra,IN,975980,Self-Employed,1019434.00,Married,Postgraduate,EMPLOYED,2022-07-07,PRIVATE,VERIFIED,LOW,f,Mobile Banking,t,t,2
CUST_00311,Suresh,Malhotra,M,1991-07-03,suresh.malhotra311@example.test,+91-6515510874,IDN12462809,Delhi,Delhi,IN,182652,Self-Employed,1292142.00,Married,Postgraduate,EMPLOYED,2021-05-06,RETAIL,PENDING,LOW,f,Mobile Banking,t,t,0
CUST_00312,Kavya,Singh,M,1982-11-15,kavya.singh312@example.test,+91-6658913401,IDN12470728,Gurugram,Haryana,IN,648526,Salaried,3366183.00,Married,Graduate,EMPLOYED,2023-06-17,PRIVATE,VERIFIED,LOW,f,Mobile Banking,t,t,0
CUST_00313,Arjun,Malhotra,M,1965-01-19,arjun.malhotra313@example.test,+91-6019055764,IDN12478647,Chennai,Tamil Nadu,IN,333968,Salaried,4726714.00,Single,Postgraduate,EMPLOYED,2016-11-09,RETAIL,VERIFIED,MEDIUM,f,Mobile Banking,t,t,0
CUST_00314,Manish,Singh,M,1987-06-22,manish.singh314@example.test,+91-6388806011,IDN12486566,Mumbai,Maharashtra,IN,196056,Self-Employed,868517.00,Married,Postgraduate,EMPLOYED,2024-09-17,PRIVATE,VERIFIED,LOW,f,Internet Banking,t,t,2
CUST_00315,Nisha,Malhotra,M,1974-12-24,nisha.malhotra315@example.test,+91-6943866850,IDN12494485,Delhi,Delhi,IN,559799,Salaried,1442200.00,Single,Graduate,EMPLOYED,2019-10-04,PREMIUM,VERIFIED,LOW,f,Internet Banking,t,t,2
CUST_00316,Rohan,Fernandes,F,1974-02-11,rohan.fernandes316@example.test,+91-6782268835,IDN12502404,Mumbai,Maharashtra,IN,260298,Salaried,4345782.00,Married,Postgraduate,EMPLOYED,2023-09-21,PRIVATE,VERIFIED,LOW,f,Mobile Banking,t,t,0
CUST_00317,Sneha,Gupta,F,1991-12-19,sneha.gupta317@example.test,+91-6677384801,IDN12510323,Pune,Maharashtra,IN,893733,Salaried,4763726.00,Single,Postgraduate,EMPLOYED,2017-07-17,PRIVATE,VERIFIED,MEDIUM,f,Internet Banking,t,t,1
CUST_00318,Nisha,Desai,M,2002-10-26,nisha.desai318@example.test,+91-6378556906,IDN12518242,Delhi,Delhi,IN,438156,Self-Employed,4203503.00,Married,Graduate,EMPLOYED,2016-03-28,RETAIL,VERIFIED,LOW,f,Mobile Banking,t,t,1
CUST_00319,Lakshmi,Desai,M,1985-08-19,lakshmi.desai319@example.test,+91-6564635097,IDN12526161,Gurugram,Haryana,IN,411530,Self-Employed,873904.00,Married,Graduate,EMPLOYED,2017-01-27,BUSINESS,VERIFIED,MEDIUM,t,Internet Banking,t,t,1
CUST_00320,Manish,Sharma,F,1993-07-10,manish.sharma320@example.test,+91-6380534398,IDN12534080,Gurugram,Haryana,IN,277801,Salaried,1805782.00,Single,Graduate,EMPLOYED,2017-11-11,RETAIL,VERIFIED,LOW,f,Mobile Banking,t,t,1
CUST_00321,Meera,Fernandes,F,1989-01-10,meera.fernandes321@example.test,+91-6628157744,IDN12541999,Kolkata,West Bengal,IN,833681,Self-Employed,1001588.00,Single,Postgraduate,EMPLOYED,2016-12-16,RETAIL,VERIFIED,LOW,f,Mobile Banking,t,t,2
CUST_00322,Nisha,Rao,M,1995-08-20,nisha.rao322@example.test,+91-6294256680,IDN12549918,Bengaluru,Karnataka,IN,195734,Salaried,1697996.00,Married,Postgraduate,EMPLOYED,2023-06-14,RETAIL,VERIFIED,LOW,f,Internet Banking,t,t,1
CUST_00323,Suresh,Malhotra,F,1976-10-18,suresh.malhotra323@example.test,+91-6279087951,IDN12557837,Bengaluru,Karnataka,IN,971410,Salaried,3004001.00,Single,Postgraduate,EMPLOYED,2021-12-17,PREMIUM,VERIFIED,LOW,f,Internet Banking,t,t,1
CUST_00324,Krishna,Mehta,F,1999-09-17,krishna.mehta324@example.test,+91-6695268908,IDN12565756,Pune,Maharashtra,IN,742682,Salaried,3949216.00,Married,Graduate,EMPLOYED,2020-06-10,PREMIUM,VERIFIED,HIGH,f,Internet Banking,t,t,2
CUST_00325,Arjun,Singh,F,2002-07-13,arjun.singh325@example.test,+91-6731981264,IDN12573675,Pune,Maharashtra,IN,520601,Self-Employed,2058349.00,Married,Graduate,EMPLOYED,2016-07-08,BUSINESS,VERIFIED,MEDIUM,f,Mobile Banking,t,t,1
CUST_00326,Meera,Patel,M,1971-02-03,meera.patel326@example.test,+91-6470687767,IDN12581594,Hyderabad,Telangana,IN,450948,Salaried,3160463.00,Married,Graduate,EMPLOYED,2022-02-19,BUSINESS,VERIFIED,LOW,f,Internet Banking,t,t,1
CUST_00327,Divya,Fernandes,F,2000-01-08,divya.fernandes327@example.test,+91-6041578840,IDN12589513,Chennai,Tamil Nadu,IN,201402,Self-Employed,2759149.00,Single,Graduate,EMPLOYED,2022-06-09,PRIVATE,VERIFIED,LOW,f,Mobile Banking,t,t,1
CUST_00328,Deepa,Desai,F,1980-06-05,deepa.desai328@example.test,+91-6730245280,IDN12597432,Chennai,Tamil Nadu,IN,716572,Salaried,4756811.00,Single,Graduate,EMPLOYED,2023-11-21,PREMIUM,VERIFIED,MEDIUM,f,Internet Banking,t,t,2
CUST_00329,Meera,Nair,F,1981-09-09,meera.nair329@example.test,+91-6359560594,IDN12605351,Hyderabad,Telangana,IN,379921,Salaried,3075726.00,Single,Postgraduate,EMPLOYED,2024-06-21,BUSINESS,VERIFIED,LOW,f,Mobile Banking,t,t,1
CUST_00330,Suresh,Sharma,M,1981-07-12,suresh.sharma330@example.test,+91-6136965068,IDN12613270,Hyderabad,Telangana,IN,306426,Self-Employed,1796947.00,Married,Postgraduate,EMPLOYED,2023-04-15,PRIVATE,VERIFIED,LOW,f,Mobile Banking,t,t,1
CUST_00331,Lakshmi,Gupta,F,1968-10-11,lakshmi.gupta331@example.test,+91-6237590150,IDN12621189,Hyderabad,Telangana,IN,123305,Salaried,1621538.00,Married,Postgraduate,EMPLOYED,2019-01-26,RETAIL,VERIFIED,LOW,f,Internet Banking,t,t,0
CUST_00332,Kavya,Patel,F,1977-09-22,kavya.patel332@example.test,+91-6156606883,IDN12629108,Pune,Maharashtra,IN,357048,Self-Employed,1033260.00,Married,Postgraduate,EMPLOYED,2020-02-06,PREMIUM,VERIFIED,LOW,f,Mobile Banking,t,t,1
CUST_00333,Priya,Joshi,M,1980-05-08,priya.joshi333@example.test,+91-6426207579,IDN12637027,Mumbai,Maharashtra,IN,895828,Salaried,822529.00,Single,Graduate,EMPLOYED,2023-04-20,RETAIL,VERIFIED,MEDIUM,f,Mobile Banking,t,t,2
CUST_00334,Suresh,Rao,F,1962-07-12,suresh.rao334@example.test,+91-6233340959,IDN12644946,Gurugram,Haryana,IN,138872,Self-Employed,4619108.00,Married,Postgraduate,EMPLOYED,2017-08-27,RETAIL,VERIFIED,LOW,f,Internet Banking,t,t,2
CUST_00335,Vivek,Sharma,M,1984-07-04,vivek.sharma335@example.test,+91-6344715609,IDN12652865,Pune,Maharashtra,IN,905406,Salaried,4603489.00,Single,Postgraduate,EMPLOYED,2018-03-12,RETAIL,VERIFIED,LOW,f,Mobile Banking,t,t,1
CUST_00336,Anika,Bose,M,1978-10-13,anika.bose336@example.test,+91-6222574484,IDN12660784,Delhi,Delhi,IN,323545,Salaried,1551181.00,Single,Postgraduate,EMPLOYED,2018-09-18,BUSINESS,VERIFIED,LOW,f,Internet Banking,t,t,2
CUST_00337,Rajesh,Desai,F,1988-01-13,rajesh.desai337@example.test,+91-6792551983,IDN12668703,Gurugram,Haryana,IN,553290,Salaried,1271823.00,Married,Postgraduate,EMPLOYED,2017-10-13,RETAIL,VERIFIED,LOW,f,Internet Banking,t,t,0
CUST_00338,Vikram,Mehta,F,1970-01-07,vikram.mehta338@example.test,+91-6946635854,IDN12676622,Delhi,Delhi,IN,119770,Self-Employed,4683057.00,Married,Graduate,EMPLOYED,2020-03-11,RETAIL,VERIFIED,MEDIUM,f,Mobile Banking,t,t,2
CUST_00339,Karthik,Joshi,F,1980-09-05,karthik.joshi339@example.test,+91-6985430110,IDN12684541,Hyderabad,Telangana,IN,190532,Salaried,4073344.00,Single,Graduate,EMPLOYED,2019-09-28,BUSINESS,VERIFIED,LOW,f,Internet Banking,t,t,1
CUST_00340,Kavya,Iyer,M,1967-08-22,kavya.iyer340@example.test,+91-6569976646,IDN12692460,Kolkata,West Bengal,IN,187570,Self-Employed,4782809.00,Single,Postgraduate,EMPLOYED,2018-06-03,PREMIUM,VERIFIED,HIGH,f,Internet Banking,t,t,1
CUST_00341,Sneha,Sharma,F,1979-03-12,sneha.sharma341@example.test,+91-6894864818,IDN12700379,Bengaluru,Karnataka,IN,643264,Self-Employed,3424897.00,Single,Postgraduate,EMPLOYED,2016-08-26,BUSINESS,VERIFIED,LOW,f,Mobile Banking,t,t,1
CUST_00342,Aditya,Iyer,M,1963-12-15,aditya.iyer342@example.test,+91-6658798067,IDN12708298,Delhi,Delhi,IN,958856,Salaried,825890.00,Married,Graduate,EMPLOYED,2020-05-13,RETAIL,VERIFIED,LOW,f,Mobile Banking,t,t,0
CUST_00343,Arjun,Iyer,F,1965-08-25,arjun.iyer343@example.test,+91-6711639545,IDN12716217,Mumbai,Maharashtra,IN,786532,Salaried,4171073.00,Single,Graduate,EMPLOYED,2022-05-05,PRIVATE,VERIFIED,LOW,f,Mobile Banking,t,t,2
CUST_00344,Anjali,Iyer,F,1984-09-04,anjali.iyer344@example.test,+91-6991491404,IDN12724136,Kolkata,West Bengal,IN,647116,Salaried,3803813.00,Married,Graduate,EMPLOYED,2018-12-21,BUSINESS,VERIFIED,LOW,f,Internet Banking,t,t,0
CUST_00345,Suresh,Patel,F,1975-04-25,suresh.patel345@example.test,+91-6918615993,IDN12732055,Hyderabad,Telangana,IN,744825,Salaried,3624320.00,Married,Postgraduate,EMPLOYED,2023-06-12,BUSINESS,VERIFIED,LOW,f,Internet Banking,t,t,2
CUST_00346,Priya,Mehta,M,2000-09-10,priya.mehta346@example.test,+91-6202656205,IDN12739974,Mumbai,Maharashtra,IN,538955,Self-Employed,896794.00,Single,Postgraduate,EMPLOYED,2023-03-07,BUSINESS,VERIFIED,LOW,f,Internet Banking,t,t,2
CUST_00347,Meera,Chatterjee,M,1961-01-20,meera.chatterjee347@example.test,+91-6243908896,IDN12747893,Kolkata,West Bengal,IN,369542,Salaried,3130814.00,Single,Graduate,EMPLOYED,2016-10-24,BUSINESS,VERIFIED,LOW,f,Mobile Banking,t,t,1
CUST_00348,Rohan,Malhotra,F,1975-01-11,rohan.malhotra348@example.test,+91-6567003328,IDN12755812,Mumbai,Maharashtra,IN,912355,Self-Employed,4695041.00,Married,Postgraduate,EMPLOYED,2020-08-06,RETAIL,VERIFIED,LOW,f,Mobile Banking,t,t,1
CUST_00349,Vivek,Sharma,F,1992-03-24,vivek.sharma349@example.test,+91-6562324745,IDN12763731,Hyderabad,Telangana,IN,223276,Self-Employed,1732186.00,Single,Graduate,EMPLOYED,2017-03-08,BUSINESS,VERIFIED,LOW,f,Mobile Banking,t,t,0
CUST_00350,Sanjay,Fernandes,F,1993-07-27,sanjay.fernandes350@example.test,+91-6066438782,IDN12771650,Pune,Maharashtra,IN,559704,Salaried,4157460.00,Single,Graduate,EMPLOYED,2016-09-03,BUSINESS,VERIFIED,LOW,f,Internet Banking,t,t,2
CUST_00351,Divya,Rao,F,1986-03-23,divya.rao351@example.test,+91-6701880252,IDN12779569,Bengaluru,Karnataka,IN,289558,Self-Employed,1103066.00,Single,Graduate,EMPLOYED,2017-10-28,PREMIUM,VERIFIED,LOW,f,Internet Banking,t,t,2
CUST_00352,Manish,Reddy,M,1969-10-06,manish.reddy352@example.test,+91-6044197187,IDN12787488,Gurugram,Haryana,IN,670965,Salaried,4642467.00,Married,Postgraduate,EMPLOYED,2016-12-16,BUSINESS,VERIFIED,LOW,f,Internet Banking,t,t,0
CUST_00353,Priya,Kulkarni,M,1979-01-26,priya.kulkarni353@example.test,+91-6541433883,IDN12795407,Kolkata,West Bengal,IN,277276,Self-Employed,1415279.00,Married,Graduate,EMPLOYED,2015-08-09,PREMIUM,VERIFIED,LOW,f,Internet Banking,t,t,0
CUST_00354,Meera,Kulkarni,F,1997-09-12,meera.kulkarni354@example.test,+91-6164083790,IDN12803326,Kolkata,West Bengal,IN,333318,Salaried,1361779.00,Single,Graduate,EMPLOYED,2018-02-02,RETAIL,VERIFIED,MEDIUM,f,Mobile Banking,t,t,1
CUST_00355,Manish,Iyer,F,1994-07-19,manish.iyer355@example.test,+91-6344052320,IDN12811245,Hyderabad,Telangana,IN,262465,Self-Employed,2152162.00,Single,Postgraduate,EMPLOYED,2019-01-20,BUSINESS,VERIFIED,HIGH,f,Mobile Banking,t,t,1
CUST_00356,Rahul,Mehta,F,1972-05-20,rahul.mehta356@example.test,+91-6672566191,IDN12819164,Mumbai,Maharashtra,IN,387932,Self-Employed,1653581.00,Married,Postgraduate,EMPLOYED,2020-11-08,RETAIL,VERIFIED,LOW,f,Mobile Banking,t,t,1
CUST_00357,Priya,Singh,F,1967-04-19,priya.singh357@example.test,+91-6763371117,IDN12827083,Chennai,Tamil Nadu,IN,648838,Salaried,1005669.00,Married,Postgraduate,EMPLOYED,2016-04-15,BUSINESS,VERIFIED,MEDIUM,f,Internet Banking,t,t,1
CUST_00358,Priya,Bose,F,1978-04-06,priya.bose358@example.test,+91-6061736024,IDN12835002,Bengaluru,Karnataka,IN,714842,Salaried,1070476.00,Married,Postgraduate,EMPLOYED,2022-02-16,BUSINESS,VERIFIED,LOW,f,Mobile Banking,t,t,0
CUST_00359,Lakshmi,Joshi,F,1963-03-22,lakshmi.joshi359@example.test,+91-6569046869,IDN12842921,Chennai,Tamil Nadu,IN,917002,Salaried,2335179.00,Single,Graduate,EMPLOYED,2020-03-28,PREMIUM,VERIFIED,MEDIUM,f,Mobile Banking,t,t,0
CUST_00360,Sanjay,Patel,M,1980-03-04,sanjay.patel360@example.test,+91-6908877011,IDN12850840,Gurugram,Haryana,IN,641017,Salaried,2941588.00,Married,Graduate,EMPLOYED,2018-05-26,PREMIUM,VERIFIED,LOW,f,Internet Banking,t,t,0
CUST_00361,Rohan,Nair,M,1995-02-08,rohan.nair361@example.test,+91-6162223252,IDN12858759,Delhi,Delhi,IN,710793,Self-Employed,937004.00,Married,Postgraduate,EMPLOYED,2023-10-02,PRIVATE,VERIFIED,LOW,f,Mobile Banking,t,t,2
CUST_00362,Anjali,Singh,M,1972-10-07,anjali.singh362@example.test,+91-6772257580,IDN12866678,Kolkata,West Bengal,IN,763163,Salaried,1631052.00,Married,Graduate,EMPLOYED,2020-05-14,PREMIUM,VERIFIED,LOW,f,Mobile Banking,t,t,2
CUST_00363,Swati,Singh,F,1992-11-02,swati.singh363@example.test,+91-6014227816,IDN12874597,Pune,Maharashtra,IN,764832,Self-Employed,808827.00,Single,Graduate,EMPLOYED,2015-01-18,PREMIUM,VERIFIED,LOW,f,Mobile Banking,t,t,1
CUST_00364,Sneha,Gupta,F,1993-12-02,sneha.gupta364@example.test,+91-6375166333,IDN12882516,Mumbai,Maharashtra,IN,372622,Self-Employed,3277637.00,Married,Graduate,EMPLOYED,2020-06-16,RETAIL,VERIFIED,LOW,f,Internet Banking,t,t,0
CUST_00365,Anjali,Kulkarni,F,1963-07-01,anjali.kulkarni365@example.test,+91-6711411595,IDN12890435,Delhi,Delhi,IN,716806,Self-Employed,1749146.00,Single,Postgraduate,EMPLOYED,2016-07-06,PRIVATE,VERIFIED,MEDIUM,f,Internet Banking,t,t,1
CUST_00366,Deepa,Chatterjee,M,1991-04-27,deepa.chatterjee366@example.test,+91-6159009935,IDN12898354,Hyderabad,Telangana,IN,285471,Self-Employed,379418.00,Single,Postgraduate,EMPLOYED,2023-11-20,BUSINESS,VERIFIED,MEDIUM,f,Internet Banking,t,t,1
CUST_00367,Krishna,Mehta,F,2004-06-11,krishna.mehta367@example.test,+91-6302205004,IDN12906273,Kolkata,West Bengal,IN,286467,Salaried,2253450.00,Single,Postgraduate,EMPLOYED,2017-06-16,PREMIUM,VERIFIED,MEDIUM,f,Internet Banking,t,t,1
CUST_00368,Meera,Reddy,F,1966-08-01,meera.reddy368@example.test,+91-6585875448,IDN12914192,Delhi,Delhi,IN,757819,Self-Employed,1224859.00,Married,Postgraduate,EMPLOYED,2016-05-20,RETAIL,PENDING,LOW,f,Internet Banking,t,t,0
CUST_00369,Suresh,Bose,F,1975-02-04,suresh.bose369@example.test,+91-6300680688,IDN12922111,Chennai,Tamil Nadu,IN,277826,Self-Employed,4927471.00,Single,Graduate,EMPLOYED,2015-02-15,PREMIUM,VERIFIED,LOW,f,Internet Banking,t,t,2
CUST_00370,Nisha,Gupta,F,1976-04-19,nisha.gupta370@example.test,+91-6300769598,IDN12930030,Pune,Maharashtra,IN,782471,Self-Employed,267847.00,Married,Postgraduate,EMPLOYED,2021-05-08,PRIVATE,VERIFIED,LOW,f,Mobile Banking,t,t,0
CUST_00371,Suresh,Gupta,F,1989-08-16,suresh.gupta371@example.test,+91-6785032273,IDN12937949,Delhi,Delhi,IN,798915,Self-Employed,4348620.00,Single,Graduate,EMPLOYED,2017-04-16,PRIVATE,VERIFIED,MEDIUM,f,Internet Banking,t,t,0
CUST_00372,Rahul,Fernandes,F,1968-07-13,rahul.fernandes372@example.test,+91-6750317610,IDN12945868,Gurugram,Haryana,IN,343557,Salaried,4748886.00,Married,Postgraduate,EMPLOYED,2016-11-15,RETAIL,VERIFIED,LOW,f,Internet Banking,t,t,0
CUST_00373,Nisha,Nair,M,1991-09-12,nisha.nair373@example.test,+91-6779599345,IDN12953787,Gurugram,Haryana,IN,179878,Salaried,301085.00,Married,Postgraduate,EMPLOYED,2019-08-28,BUSINESS,VERIFIED,MEDIUM,f,Mobile Banking,t,t,2
CUST_00374,Rohan,Fernandes,F,1995-11-21,rohan.fernandes374@example.test,+91-6863038058,IDN12961706,Hyderabad,Telangana,IN,187156,Salaried,1416952.00,Married,Postgraduate,EMPLOYED,2020-05-25,PRIVATE,VERIFIED,LOW,f,Internet Banking,t,t,1
CUST_00375,Suresh,Patel,F,1967-02-15,suresh.patel375@example.test,+91-6504375189,IDN12969625,Gurugram,Haryana,IN,236389,Self-Employed,4864650.00,Married,Postgraduate,EMPLOYED,2015-01-22,RETAIL,VERIFIED,MEDIUM,f,Mobile Banking,t,t,2
CUST_00376,Suresh,Iyer,M,1983-04-08,suresh.iyer376@example.test,+91-6680292393,IDN12977544,Chennai,Tamil Nadu,IN,431989,Self-Employed,4445367.00,Single,Postgraduate,EMPLOYED,2021-11-03,PREMIUM,VERIFIED,LOW,f,Internet Banking,t,t,1
CUST_00377,Rohan,Kulkarni,M,1990-03-08,rohan.kulkarni377@example.test,+91-6557442921,IDN12985463,Kolkata,West Bengal,IN,527504,Self-Employed,856047.00,Married,Postgraduate,EMPLOYED,2016-12-05,BUSINESS,VERIFIED,LOW,f,Internet Banking,t,t,2
CUST_00378,Arjun,Iyer,F,1995-12-03,arjun.iyer378@example.test,+91-6133546833,IDN12993382,Chennai,Tamil Nadu,IN,371721,Self-Employed,3259489.00,Single,Graduate,EMPLOYED,2015-08-01,RETAIL,VERIFIED,LOW,f,Internet Banking,t,t,1
CUST_00379,Sneha,Patel,M,1996-08-19,sneha.patel379@example.test,+91-6603288021,IDN13001301,Pune,Maharashtra,IN,458513,Self-Employed,1686191.00,Married,Postgraduate,EMPLOYED,2020-01-06,BUSINESS,VERIFIED,LOW,f,Mobile Banking,t,t,0
CUST_00380,Sanjay,Kulkarni,M,1961-10-25,sanjay.kulkarni380@example.test,+91-6488905577,IDN13009220,Hyderabad,Telangana,IN,849920,Salaried,3221452.00,Married,Graduate,EMPLOYED,2017-02-13,BUSINESS,VERIFIED,MEDIUM,f,Internet Banking,t,t,1
CUST_00381,Divya,Gupta,F,1983-12-16,divya.gupta381@example.test,+91-6892760035,IDN13017139,Delhi,Delhi,IN,251916,Salaried,1057567.00,Single,Postgraduate,EMPLOYED,2024-06-07,RETAIL,VERIFIED,LOW,t,Mobile Banking,t,t,1
CUST_00382,Rajesh,Bose,M,1993-01-04,rajesh.bose382@example.test,+91-6535960591,IDN13025058,Pune,Maharashtra,IN,755915,Self-Employed,3046715.00,Married,Graduate,EMPLOYED,2015-07-23,BUSINESS,VERIFIED,LOW,f,Mobile Banking,t,t,1
CUST_00383,Vivek,Rao,M,1974-08-19,vivek.rao383@example.test,+91-6191031126,IDN13032977,Gurugram,Haryana,IN,921419,Self-Employed,1206872.00,Single,Graduate,EMPLOYED,2018-11-19,PREMIUM,VERIFIED,LOW,f,Internet Banking,t,t,2
CUST_00384,Deepa,Gupta,M,1977-08-27,deepa.gupta384@example.test,+91-6363384859,IDN13040896,Chennai,Tamil Nadu,IN,183527,Self-Employed,2356357.00,Single,Postgraduate,EMPLOYED,2016-03-16,PRIVATE,VERIFIED,MEDIUM,f,Mobile Banking,t,t,0
CUST_00385,Meera,Bose,M,2004-02-13,meera.bose385@example.test,+91-6743282771,IDN13048815,Mumbai,Maharashtra,IN,894344,Self-Employed,1547981.00,Married,Graduate,EMPLOYED,2017-08-23,BUSINESS,VERIFIED,LOW,f,Internet Banking,t,t,0
CUST_00386,Kavya,Joshi,F,1997-10-02,kavya.joshi386@example.test,+91-6370538842,IDN13056734,Mumbai,Maharashtra,IN,682313,Salaried,3897740.00,Single,Graduate,EMPLOYED,2024-06-01,PREMIUM,VERIFIED,LOW,f,Internet Banking,t,t,0
CUST_00387,Lakshmi,Malhotra,M,1968-02-28,lakshmi.malhotra387@example.test,+91-6648898220,IDN13064653,Mumbai,Maharashtra,IN,353524,Self-Employed,2528340.00,Single,Graduate,EMPLOYED,2015-11-18,BUSINESS,VERIFIED,MEDIUM,f,Mobile Banking,t,t,0
CUST_00388,Meera,Desai,M,1977-05-09,meera.desai388@example.test,+91-6063745256,IDN13072572,Delhi,Delhi,IN,672092,Self-Employed,1245075.00,Single,Graduate,EMPLOYED,2023-07-26,BUSINESS,VERIFIED,LOW,f,Internet Banking,t,t,0
CUST_00389,Anjali,Joshi,M,1993-01-10,anjali.joshi389@example.test,+91-6283239126,IDN13080491,Delhi,Delhi,IN,937059,Self-Employed,2426376.00,Married,Graduate,EMPLOYED,2015-01-09,PRIVATE,VERIFIED,MEDIUM,f,Mobile Banking,t,t,0
CUST_00390,Karthik,Bose,F,2004-09-12,karthik.bose390@example.test,+91-6228868666,IDN13088410,Mumbai,Maharashtra,IN,731230,Self-Employed,1213153.00,Married,Postgraduate,EMPLOYED,2020-11-04,BUSINESS,VERIFIED,HIGH,f,Internet Banking,t,t,0
CUST_00391,Krishna,Iyer,F,1979-10-15,krishna.iyer391@example.test,+91-6058004592,IDN13096329,Hyderabad,Telangana,IN,607157,Salaried,783684.00,Single,Postgraduate,EMPLOYED,2024-06-04,RETAIL,VERIFIED,LOW,f,Mobile Banking,t,t,2
CUST_00392,Pooja,Kulkarni,F,1982-05-05,pooja.kulkarni392@example.test,+91-6429250226,IDN13104248,Hyderabad,Telangana,IN,926245,Salaried,4624010.00,Married,Graduate,EMPLOYED,2024-08-12,PRIVATE,VERIFIED,LOW,f,Mobile Banking,t,t,0
CUST_00393,Anjali,Joshi,M,1992-11-28,anjali.joshi393@example.test,+91-6940311668,IDN13112167,Chennai,Tamil Nadu,IN,662802,Salaried,3432628.00,Married,Postgraduate,EMPLOYED,2019-01-17,RETAIL,VERIFIED,HIGH,f,Mobile Banking,t,t,2
CUST_00394,Sanjay,Iyer,M,1975-04-17,sanjay.iyer394@example.test,+91-6482644445,IDN13120086,Pune,Maharashtra,IN,380366,Self-Employed,4251397.00,Single,Postgraduate,EMPLOYED,2015-10-21,PREMIUM,VERIFIED,LOW,f,Internet Banking,t,t,0
CUST_00395,Nisha,Iyer,M,1962-05-12,nisha.iyer395@example.test,+91-6732356870,IDN13128005,Pune,Maharashtra,IN,278035,Self-Employed,516060.00,Single,Postgraduate,EMPLOYED,2019-06-03,PRIVATE,VERIFIED,LOW,f,Mobile Banking,t,t,1
CUST_00396,Meera,Mehta,M,2003-01-17,meera.mehta396@example.test,+91-6157815894,IDN13135924,Bengaluru,Karnataka,IN,619077,Self-Employed,2796928.00,Single,Graduate,EMPLOYED,2019-03-28,PREMIUM,VERIFIED,LOW,f,Internet Banking,t,t,0
CUST_00397,Divya,Bose,F,1984-04-03,divya.bose397@example.test,+91-6186019037,IDN13143843,Gurugram,Haryana,IN,100986,Salaried,4138659.00,Married,Postgraduate,EMPLOYED,2017-04-23,BUSINESS,VERIFIED,LOW,f,Mobile Banking,t,t,2
CUST_00398,Manish,Sharma,F,1979-03-16,manish.sharma398@example.test,+91-6300654913,IDN13151762,Chennai,Tamil Nadu,IN,784477,Self-Employed,2514440.00,Married,Postgraduate,EMPLOYED,2015-11-07,BUSINESS,VERIFIED,LOW,f,Mobile Banking,t,t,2
CUST_00399,Rahul,Sharma,F,1993-09-07,rahul.sharma399@example.test,+91-6674155503,IDN13159681,Chennai,Tamil Nadu,IN,313294,Self-Employed,2289082.00,Married,Graduate,EMPLOYED,2018-04-19,PREMIUM,VERIFIED,LOW,f,Internet Banking,t,t,1
CUST_00400,Vikram,Patel,M,1986-06-19,vikram.patel400@example.test,+91-6310227270,IDN13167600,Gurugram,Haryana,IN,973136,Salaried,952165.00,Married,Postgraduate,EMPLOYED,2015-09-22,PRIVATE,VERIFIED,LOW,f,Internet Banking,t,t,1
CUST_00401,Priya,Chatterjee,F,1979-10-07,priya.chatterjee401@example.test,+91-6319310232,IDN13175519,Mumbai,Maharashtra,IN,880141,Salaried,4120311.00,Married,Postgraduate,EMPLOYED,2022-01-10,PREMIUM,VERIFIED,MEDIUM,f,Mobile Banking,t,t,1
CUST_00402,Vivek,Joshi,M,2004-07-16,vivek.joshi402@example.test,+91-6808368828,IDN13183438,Delhi,Delhi,IN,526162,Self-Employed,3083528.00,Single,Graduate,EMPLOYED,2020-06-14,RETAIL,VERIFIED,LOW,f,Mobile Banking,t,t,2
CUST_00403,Aditya,Singh,M,1985-06-26,aditya.singh403@example.test,+91-6294257339,IDN13191357,Bengaluru,Karnataka,IN,385617,Self-Employed,2806902.00,Married,Graduate,EMPLOYED,2019-05-15,RETAIL,VERIFIED,LOW,f,Internet Banking,t,t,0
CUST_00404,Meera,Rao,M,1960-02-01,meera.rao404@example.test,+91-6622908274,IDN13199276,Bengaluru,Karnataka,IN,635642,Salaried,3979586.00,Married,Graduate,EMPLOYED,2016-08-07,PREMIUM,PENDING,MEDIUM,f,Internet Banking,t,t,2
CUST_00405,Meera,Malhotra,M,1960-08-12,meera.malhotra405@example.test,+91-6043051195,IDN13207195,Chennai,Tamil Nadu,IN,297868,Salaried,2600284.00,Married,Postgraduate,EMPLOYED,2021-02-05,BUSINESS,VERIFIED,LOW,f,Mobile Banking,t,t,0
CUST_00406,Deepa,Reddy,F,1964-09-06,deepa.reddy406@example.test,+91-6503977351,IDN13215114,Bengaluru,Karnataka,IN,295506,Self-Employed,1998789.00,Married,Postgraduate,EMPLOYED,2023-01-25,BUSINESS,VERIFIED,MEDIUM,f,Internet Banking,t,t,2
CUST_00407,Priya,Rao,F,2001-09-19,priya.rao407@example.test,+91-6572186855,IDN13223033,Mumbai,Maharashtra,IN,365901,Self-Employed,2927059.00,Married,Graduate,EMPLOYED,2016-03-11,RETAIL,VERIFIED,LOW,f,Internet Banking,t,t,0
CUST_00408,Sneha,Reddy,F,1992-05-25,sneha.reddy408@example.test,+91-6637649550,IDN13230952,Chennai,Tamil Nadu,IN,141887,Salaried,4532880.00,Married,Graduate,EMPLOYED,2022-07-13,RETAIL,PENDING,LOW,f,Mobile Banking,t,t,0
CUST_00409,Manish,Mehta,F,1995-02-10,manish.mehta409@example.test,+91-6204293912,IDN13238871,Pune,Maharashtra,IN,459013,Salaried,1554282.00,Single,Postgraduate,EMPLOYED,2016-08-04,PRIVATE,VERIFIED,MEDIUM,f,Internet Banking,t,t,2
CUST_00410,Suresh,Reddy,F,1978-09-01,suresh.reddy410@example.test,+91-6321033974,IDN13246790,Chennai,Tamil Nadu,IN,715892,Self-Employed,2129046.00,Single,Postgraduate,EMPLOYED,2024-06-15,BUSINESS,VERIFIED,LOW,t,Internet Banking,t,t,2
CUST_00411,Anjali,Chatterjee,F,1980-02-17,anjali.chatterjee411@example.test,+91-6579799391,IDN13254709,Mumbai,Maharashtra,IN,811835,Salaried,506212.00,Married,Graduate,EMPLOYED,2015-07-25,PREMIUM,VERIFIED,LOW,f,Internet Banking,t,t,2
CUST_00412,Sneha,Gupta,F,1969-12-06,sneha.gupta412@example.test,+91-6256054162,IDN13262628,Mumbai,Maharashtra,IN,489025,Self-Employed,594899.00,Married,Graduate,EMPLOYED,2024-05-25,BUSINESS,VERIFIED,LOW,f,Mobile Banking,t,t,0
CUST_00413,Sanjay,Singh,M,1969-03-17,sanjay.singh413@example.test,+91-6463487714,IDN13270547,Delhi,Delhi,IN,860818,Self-Employed,829362.00,Married,Postgraduate,EMPLOYED,2017-05-18,PREMIUM,VERIFIED,LOW,f,Mobile Banking,t,t,2
CUST_00414,Vivek,Reddy,M,1974-09-14,vivek.reddy414@example.test,+91-6809434943,IDN13278466,Pune,Maharashtra,IN,410594,Self-Employed,607636.00,Single,Postgraduate,EMPLOYED,2023-05-06,PREMIUM,VERIFIED,LOW,f,Mobile Banking,t,t,0
CUST_00415,Sneha,Fernandes,F,1988-10-04,sneha.fernandes415@example.test,+91-6414097360,IDN13286385,Hyderabad,Telangana,IN,542482,Self-Employed,3341238.00,Married,Postgraduate,EMPLOYED,2018-11-07,PRIVATE,PENDING,LOW,f,Mobile Banking,t,t,1
CUST_00416,Divya,Nair,F,1979-06-13,divya.nair416@example.test,+91-6692825770,IDN13294304,Pune,Maharashtra,IN,579040,Self-Employed,3463625.00,Married,Graduate,EMPLOYED,2018-06-04,RETAIL,PENDING,MEDIUM,f,Mobile Banking,t,t,1
CUST_00417,Divya,Joshi,M,1998-01-18,divya.joshi417@example.test,+91-6346668149,IDN13302223,Kolkata,West Bengal,IN,967082,Self-Employed,344334.00,Single,Graduate,EMPLOYED,2015-08-08,RETAIL,VERIFIED,LOW,f,Mobile Banking,t,t,2
CUST_00418,Rahul,Sharma,M,1980-11-09,rahul.sharma418@example.test,+91-6336810036,IDN13310142,Mumbai,Maharashtra,IN,223180,Self-Employed,2229169.00,Married,Graduate,EMPLOYED,2021-08-25,BUSINESS,VERIFIED,HIGH,f,Mobile Banking,t,t,0
CUST_00419,Anika,Fernandes,F,1990-11-22,anika.fernandes419@example.test,+91-6789152620,IDN13318061,Hyderabad,Telangana,IN,553895,Salaried,884897.00,Married,Postgraduate,EMPLOYED,2023-05-25,BUSINESS,VERIFIED,LOW,f,Mobile Banking,t,t,2
CUST_00420,Divya,Fernandes,M,1981-10-17,divya.fernandes420@example.test,+91-6863880694,IDN13325980,Bengaluru,Karnataka,IN,916846,Self-Employed,3674778.00,Single,Postgraduate,EMPLOYED,2023-06-16,BUSINESS,VERIFIED,MEDIUM,f,Internet Banking,t,t,1
CUST_00421,Rajesh,Iyer,F,1990-06-09,rajesh.iyer421@example.test,+91-6288109827,IDN13333899,Pune,Maharashtra,IN,479440,Salaried,1087538.00,Married,Graduate,EMPLOYED,2022-04-19,PRIVATE,VERIFIED,LOW,f,Mobile Banking,t,t,1
CUST_00422,Manish,Chatterjee,F,1971-04-24,manish.chatterjee422@example.test,+91-6063454706,IDN13341818,Delhi,Delhi,IN,162528,Self-Employed,3735131.00,Married,Postgraduate,EMPLOYED,2019-02-16,PREMIUM,VERIFIED,LOW,f,Internet Banking,t,t,2
CUST_00423,Rajesh,Iyer,M,1971-12-09,rajesh.iyer423@example.test,+91-6434732963,IDN13349737,Hyderabad,Telangana,IN,141130,Salaried,2958695.00,Married,Graduate,EMPLOYED,2019-01-20,RETAIL,VERIFIED,MEDIUM,f,Mobile Banking,t,t,0
CUST_00424,Suresh,Patel,F,1964-09-01,suresh.patel424@example.test,+91-6301057607,IDN13357656,Chennai,Tamil Nadu,IN,423179,Salaried,4995351.00,Married,Postgraduate,EMPLOYED,2022-02-22,PREMIUM,VERIFIED,LOW,f,Mobile Banking,t,t,2
CUST_00425,Pooja,Kulkarni,M,1962-04-06,pooja.kulkarni425@example.test,+91-6478444396,IDN13365575,Pune,Maharashtra,IN,792364,Self-Employed,1348045.00,Married,Graduate,EMPLOYED,2015-06-10,PRIVATE,VERIFIED,LOW,f,Internet Banking,t,t,2
CUST_00426,Rajesh,Reddy,M,2002-05-11,rajesh.reddy426@example.test,+91-6088974250,IDN13373494,Bengaluru,Karnataka,IN,186341,Salaried,2850472.00,Single,Graduate,EMPLOYED,2017-10-03,BUSINESS,VERIFIED,LOW,f,Internet Banking,t,t,2
CUST_00427,Nisha,Malhotra,F,1974-01-05,nisha.malhotra427@example.test,+91-6564598507,IDN13381413,Bengaluru,Karnataka,IN,747722,Self-Employed,1231667.00,Single,Postgraduate,EMPLOYED,2023-02-08,PREMIUM,VERIFIED,LOW,f,Mobile Banking,t,t,2
CUST_00428,Kavya,Joshi,M,1991-05-24,kavya.joshi428@example.test,+91-6747714012,IDN13389332,Bengaluru,Karnataka,IN,953787,Salaried,3981261.00,Single,Graduate,EMPLOYED,2016-08-14,BUSINESS,VERIFIED,LOW,f,Internet Banking,t,t,0
CUST_00429,Anika,Joshi,M,1992-02-22,anika.joshi429@example.test,+91-6088726250,IDN13397251,Pune,Maharashtra,IN,746408,Self-Employed,976567.00,Single,Postgraduate,EMPLOYED,2019-06-07,BUSINESS,VERIFIED,LOW,f,Internet Banking,t,t,1
CUST_00430,Divya,Nair,F,1963-01-11,divya.nair430@example.test,+91-6039512671,IDN13405170,Mumbai,Maharashtra,IN,989051,Salaried,2212122.00,Single,Graduate,EMPLOYED,2019-04-20,RETAIL,VERIFIED,LOW,f,Internet Banking,t,t,0
CUST_00431,Swati,Rao,F,1987-12-10,swati.rao431@example.test,+91-6658064245,IDN13413089,Kolkata,West Bengal,IN,382357,Self-Employed,2279401.00,Single,Postgraduate,EMPLOYED,2016-12-28,PRIVATE,VERIFIED,LOW,f,Internet Banking,t,t,0
CUST_00432,Arjun,Sharma,M,1979-12-07,arjun.sharma432@example.test,+91-6905678124,IDN13421008,Chennai,Tamil Nadu,IN,891857,Salaried,1882131.00,Married,Graduate,EMPLOYED,2016-05-27,RETAIL,VERIFIED,HIGH,f,Internet Banking,t,t,2
CUST_00433,Manish,Mehta,M,1992-09-02,manish.mehta433@example.test,+91-6388802526,IDN13428927,Bengaluru,Karnataka,IN,990779,Self-Employed,3519908.00,Married,Postgraduate,EMPLOYED,2019-09-22,PRIVATE,VERIFIED,LOW,f,Mobile Banking,t,t,2
CUST_00434,Lakshmi,Joshi,M,1993-10-17,lakshmi.joshi434@example.test,+91-6238176679,IDN13436846,Hyderabad,Telangana,IN,315630,Self-Employed,4033979.00,Married,Graduate,EMPLOYED,2024-01-05,PREMIUM,VERIFIED,MEDIUM,f,Internet Banking,t,t,2
CUST_00435,Priya,Bose,F,1977-06-10,priya.bose435@example.test,+91-6156753916,IDN13444765,Bengaluru,Karnataka,IN,657079,Self-Employed,521227.00,Single,Postgraduate,EMPLOYED,2024-10-01,RETAIL,VERIFIED,LOW,f,Mobile Banking,t,t,0
CUST_00436,Krishna,Joshi,F,1989-11-27,krishna.joshi436@example.test,+91-6430394780,IDN13452684,Hyderabad,Telangana,IN,997971,Salaried,3980310.00,Single,Postgraduate,EMPLOYED,2019-12-12,RETAIL,VERIFIED,LOW,f,Internet Banking,t,t,2
CUST_00437,Priya,Sharma,F,1966-04-01,priya.sharma437@example.test,+91-6112659589,IDN13460603,Chennai,Tamil Nadu,IN,823717,Salaried,2979998.00,Single,Graduate,EMPLOYED,2016-07-02,PREMIUM,PENDING,LOW,f,Internet Banking,t,t,1
CUST_00438,Meera,Reddy,M,1975-08-11,meera.reddy438@example.test,+91-6060243561,IDN13468522,Gurugram,Haryana,IN,795695,Salaried,3165809.00,Married,Graduate,EMPLOYED,2024-06-15,PREMIUM,VERIFIED,LOW,f,Mobile Banking,t,t,1
CUST_00439,Rohan,Rao,M,1994-09-25,rohan.rao439@example.test,+91-6029368441,IDN13476441,Bengaluru,Karnataka,IN,385386,Self-Employed,397521.00,Married,Graduate,EMPLOYED,2022-08-11,PRIVATE,VERIFIED,LOW,f,Mobile Banking,t,t,2
CUST_00440,Nisha,Mehta,M,1972-12-16,nisha.mehta440@example.test,+91-6326260293,IDN13484360,Bengaluru,Karnataka,IN,289047,Salaried,1321154.00,Single,Graduate,EMPLOYED,2020-07-28,PRIVATE,VERIFIED,LOW,f,Internet Banking,t,t,2
CUST_00441,Anjali,Mehta,M,2002-01-16,anjali.mehta441@example.test,+91-6331494341,IDN13492279,Hyderabad,Telangana,IN,263416,Self-Employed,3797277.00,Single,Postgraduate,EMPLOYED,2023-08-28,BUSINESS,VERIFIED,LOW,f,Mobile Banking,t,t,1
CUST_00442,Karthik,Mehta,M,2002-09-25,karthik.mehta442@example.test,+91-6277390751,IDN13500198,Kolkata,West Bengal,IN,344059,Salaried,2882138.00,Married,Postgraduate,EMPLOYED,2021-04-22,PRIVATE,VERIFIED,MEDIUM,f,Mobile Banking,t,t,2
CUST_00443,Rahul,Malhotra,M,2003-12-08,rahul.malhotra443@example.test,+91-6475823337,IDN13508117,Delhi,Delhi,IN,359700,Self-Employed,3608686.00,Married,Postgraduate,EMPLOYED,2017-12-20,BUSINESS,PENDING,LOW,f,Internet Banking,t,t,0
CUST_00444,Nisha,Fernandes,M,2003-01-22,nisha.fernandes444@example.test,+91-6489684143,IDN13516036,Bengaluru,Karnataka,IN,834484,Self-Employed,972555.00,Single,Graduate,EMPLOYED,2021-04-24,PREMIUM,VERIFIED,MEDIUM,f,Mobile Banking,t,t,0
CUST_00445,Arjun,Rao,M,1981-06-17,arjun.rao445@example.test,+91-6857391072,IDN13523955,Kolkata,West Bengal,IN,775265,Self-Employed,2153617.00,Married,Graduate,EMPLOYED,2017-01-10,RETAIL,VERIFIED,LOW,f,Mobile Banking,t,t,1
CUST_00446,Sneha,Singh,F,1981-01-28,sneha.singh446@example.test,+91-6983074580,IDN13531874,Gurugram,Haryana,IN,847285,Self-Employed,2366351.00,Single,Graduate,EMPLOYED,2015-12-03,PRIVATE,VERIFIED,LOW,t,Internet Banking,t,t,0
CUST_00447,Anika,Iyer,F,2003-02-08,anika.iyer447@example.test,+91-6302882824,IDN13539793,Bengaluru,Karnataka,IN,322832,Salaried,1097808.00,Married,Postgraduate,EMPLOYED,2023-03-16,BUSINESS,VERIFIED,LOW,f,Internet Banking,t,t,0
CUST_00448,Suresh,Mehta,F,1974-06-12,suresh.mehta448@example.test,+91-6250959769,IDN13547712,Chennai,Tamil Nadu,IN,465600,Self-Employed,4231294.00,Single,Graduate,EMPLOYED,2015-07-12,PRIVATE,VERIFIED,LOW,f,Internet Banking,t,t,2
CUST_00449,Karthik,Bose,M,2002-06-02,karthik.bose449@example.test,+91-6460886847,IDN13555631,Mumbai,Maharashtra,IN,863206,Self-Employed,3701796.00,Married,Postgraduate,EMPLOYED,2019-07-14,RETAIL,VERIFIED,LOW,f,Mobile Banking,t,t,1
CUST_00450,Deepa,Reddy,M,1983-08-25,deepa.reddy450@example.test,+91-6452942371,IDN13563550,Bengaluru,Karnataka,IN,715381,Salaried,1532163.00,Single,Postgraduate,EMPLOYED,2015-07-10,RETAIL,VERIFIED,LOW,f,Internet Banking,t,t,2
CUST_00451,Vivek,Gupta,F,1962-08-18,vivek.gupta451@example.test,+91-6979962390,IDN13571469,Gurugram,Haryana,IN,887332,Self-Employed,1004623.00,Single,Postgraduate,EMPLOYED,2015-11-20,PREMIUM,VERIFIED,LOW,f,Mobile Banking,t,t,2
CUST_00452,Meera,Joshi,F,1985-08-04,meera.joshi452@example.test,+91-6971004335,IDN13579388,Pune,Maharashtra,IN,368170,Salaried,4567108.00,Single,Graduate,EMPLOYED,2017-09-14,BUSINESS,VERIFIED,MEDIUM,f,Internet Banking,t,t,0
CUST_00453,Divya,Nair,F,1998-02-13,divya.nair453@example.test,+91-6580690217,IDN13587307,Kolkata,West Bengal,IN,251306,Self-Employed,4403115.00,Single,Postgraduate,EMPLOYED,2017-01-17,PRIVATE,VERIFIED,LOW,f,Internet Banking,t,t,1
CUST_00454,Manish,Fernandes,F,1995-03-05,manish.fernandes454@example.test,+91-6425407102,IDN13595226,Chennai,Tamil Nadu,IN,579691,Salaried,4309604.00,Married,Postgraduate,EMPLOYED,2021-09-02,BUSINESS,VERIFIED,LOW,f,Mobile Banking,t,t,1
CUST_00455,Aditya,Desai,F,1996-11-13,aditya.desai455@example.test,+91-6932099988,IDN13603145,Delhi,Delhi,IN,229956,Self-Employed,3692300.00,Married,Postgraduate,EMPLOYED,2017-02-20,PREMIUM,VERIFIED,LOW,f,Internet Banking,t,t,2
CUST_00456,Suresh,Malhotra,M,1979-02-07,suresh.malhotra456@example.test,+91-6098770515,IDN13611064,Pune,Maharashtra,IN,580999,Self-Employed,4139550.00,Single,Postgraduate,EMPLOYED,2021-06-28,BUSINESS,VERIFIED,LOW,f,Internet Banking,t,t,2
CUST_00457,Sneha,Bose,M,1982-05-13,sneha.bose457@example.test,+91-6834487947,IDN13618983,Kolkata,West Bengal,IN,824531,Self-Employed,3217349.00,Single,Graduate,EMPLOYED,2018-01-21,BUSINESS,VERIFIED,LOW,f,Mobile Banking,t,t,1
CUST_00458,Pooja,Mehta,F,2003-03-13,pooja.mehta458@example.test,+91-6709032163,IDN13626902,Chennai,Tamil Nadu,IN,225092,Salaried,635047.00,Single,Graduate,EMPLOYED,2016-04-08,PRIVATE,VERIFIED,LOW,f,Internet Banking,t,t,2
CUST_00459,Krishna,Chatterjee,F,2003-12-05,krishna.chatterjee459@example.test,+91-6013515272,IDN13634821,Delhi,Delhi,IN,488058,Self-Employed,2512609.00,Single,Graduate,EMPLOYED,2024-04-01,PREMIUM,VERIFIED,MEDIUM,f,Mobile Banking,t,t,2
CUST_00460,Karthik,Gupta,M,1967-06-16,karthik.gupta460@example.test,+91-6578695255,IDN13642740,Chennai,Tamil Nadu,IN,871512,Salaried,482456.00,Single,Graduate,EMPLOYED,2016-05-10,RETAIL,VERIFIED,LOW,f,Internet Banking,t,t,2
CUST_00461,Sneha,Desai,F,1985-01-01,sneha.desai461@example.test,+91-6502180526,IDN13650659,Chennai,Tamil Nadu,IN,908230,Salaried,1103658.00,Married,Postgraduate,EMPLOYED,2019-07-24,PREMIUM,VERIFIED,HIGH,f,Internet Banking,t,t,2
CUST_00462,Pooja,Singh,M,2000-08-10,pooja.singh462@example.test,+91-6152679914,IDN13658578,Bengaluru,Karnataka,IN,535352,Salaried,2080670.00,Married,Graduate,EMPLOYED,2021-01-01,PRIVATE,VERIFIED,LOW,f,Mobile Banking,t,t,0
CUST_00463,Deepa,Desai,F,1972-12-27,deepa.desai463@example.test,+91-6221583030,IDN13666497,Delhi,Delhi,IN,271508,Salaried,4490934.00,Single,Graduate,EMPLOYED,2024-04-28,BUSINESS,VERIFIED,LOW,f,Internet Banking,t,t,0
CUST_00464,Deepa,Chatterjee,M,1995-07-25,deepa.chatterjee464@example.test,+91-6391957180,IDN13674416,Hyderabad,Telangana,IN,332528,Salaried,2226952.00,Single,Postgraduate,EMPLOYED,2022-03-25,PRIVATE,VERIFIED,LOW,f,Internet Banking,t,t,2
CUST_00465,Sanjay,Kulkarni,M,1988-04-10,sanjay.kulkarni465@example.test,+91-6596275716,IDN13682335,Delhi,Delhi,IN,296401,Self-Employed,402300.00,Single,Graduate,EMPLOYED,2017-02-15,BUSINESS,VERIFIED,LOW,f,Mobile Banking,t,t,2
CUST_00466,Divya,Reddy,F,1960-12-16,divya.reddy466@example.test,+91-6077716148,IDN13690254,Pune,Maharashtra,IN,429173,Self-Employed,3020053.00,Single,Postgraduate,EMPLOYED,2022-12-24,PREMIUM,VERIFIED,LOW,f,Mobile Banking,t,t,0
CUST_00467,Nisha,Reddy,F,1994-04-18,nisha.reddy467@example.test,+91-6237537638,IDN13698173,Chennai,Tamil Nadu,IN,107194,Self-Employed,3285945.00,Married,Postgraduate,EMPLOYED,2020-06-02,PRIVATE,VERIFIED,MEDIUM,f,Internet Banking,t,t,0
CUST_00468,Rahul,Rao,F,1994-09-15,rahul.rao468@example.test,+91-6791904637,IDN13706092,Bengaluru,Karnataka,IN,425450,Salaried,2800463.00,Single,Graduate,EMPLOYED,2016-06-15,PREMIUM,PENDING,LOW,f,Internet Banking,t,t,0
CUST_00469,Swati,Gupta,M,1996-08-12,swati.gupta469@example.test,+91-6071875804,IDN13714011,Delhi,Delhi,IN,149336,Salaried,2827207.00,Married,Graduate,EMPLOYED,2015-08-20,RETAIL,VERIFIED,LOW,f,Internet Banking,t,t,1
CUST_00470,Lakshmi,Patel,F,1999-11-09,lakshmi.patel470@example.test,+91-6402427321,IDN13721930,Gurugram,Haryana,IN,539564,Self-Employed,4343743.00,Single,Postgraduate,EMPLOYED,2022-11-21,PRIVATE,VERIFIED,LOW,f,Mobile Banking,t,t,2
CUST_00471,Karthik,Bose,M,1991-03-19,karthik.bose471@example.test,+91-6913729313,IDN13729849,Chennai,Tamil Nadu,IN,541199,Salaried,4140164.00,Single,Graduate,EMPLOYED,2015-12-10,BUSINESS,VERIFIED,MEDIUM,f,Mobile Banking,t,t,0
CUST_00472,Nisha,Iyer,F,1981-03-09,nisha.iyer472@example.test,+91-6528053822,IDN13737768,Bengaluru,Karnataka,IN,268816,Salaried,332502.00,Single,Postgraduate,EMPLOYED,2018-01-02,PRIVATE,VERIFIED,LOW,f,Internet Banking,t,t,1
CUST_00473,Krishna,Gupta,F,1998-08-08,krishna.gupta473@example.test,+91-6459637803,IDN13745687,Chennai,Tamil Nadu,IN,241440,Salaried,3050531.00,Single,Postgraduate,EMPLOYED,2023-02-01,PREMIUM,VERIFIED,MEDIUM,f,Mobile Banking,t,t,0
CUST_00474,Lakshmi,Chatterjee,M,2000-05-02,lakshmi.chatterjee474@example.test,+91-6358082946,IDN13753606,Kolkata,West Bengal,IN,742022,Self-Employed,838524.00,Single,Postgraduate,EMPLOYED,2017-03-17,PRIVATE,VERIFIED,MEDIUM,f,Mobile Banking,t,t,0
CUST_00475,Priya,Iyer,F,1986-12-19,priya.iyer475@example.test,+91-6497312499,IDN13761525,Hyderabad,Telangana,IN,770211,Self-Employed,2212746.00,Married,Postgraduate,EMPLOYED,2020-12-07,BUSINESS,VERIFIED,LOW,f,Mobile Banking,t,t,0
CUST_00476,Sanjay,Chatterjee,M,1969-02-11,sanjay.chatterjee476@example.test,+91-6735584029,IDN13769444,Chennai,Tamil Nadu,IN,553336,Salaried,378256.00,Single,Graduate,EMPLOYED,2022-05-28,BUSINESS,VERIFIED,HIGH,f,Mobile Banking,t,t,0
CUST_00477,Pooja,Desai,M,1973-05-10,pooja.desai477@example.test,+91-6725314627,IDN13777363,Mumbai,Maharashtra,IN,561683,Salaried,3989535.00,Single,Postgraduate,EMPLOYED,2016-10-08,PRIVATE,VERIFIED,HIGH,f,Internet Banking,t,t,0
CUST_00478,Swati,Singh,M,2004-04-19,swati.singh478@example.test,+91-6321276781,IDN13785282,Bengaluru,Karnataka,IN,161868,Self-Employed,2174613.00,Single,Graduate,EMPLOYED,2019-11-09,BUSINESS,PENDING,MEDIUM,f,Mobile Banking,t,t,2
CUST_00479,Vivek,Patel,M,1981-09-20,vivek.patel479@example.test,+91-6068266155,IDN13793201,Pune,Maharashtra,IN,628128,Self-Employed,1002440.00,Married,Graduate,EMPLOYED,2020-02-24,BUSINESS,VERIFIED,LOW,f,Mobile Banking,t,t,0
CUST_00480,Anjali,Singh,M,1965-04-22,anjali.singh480@example.test,+91-6165434722,IDN13801120,Bengaluru,Karnataka,IN,955028,Self-Employed,4203805.00,Single,Postgraduate,EMPLOYED,2016-03-10,RETAIL,VERIFIED,LOW,f,Internet Banking,t,t,2
CUST_00481,Vikram,Reddy,M,1992-07-23,vikram.reddy481@example.test,+91-6933343643,IDN13809039,Delhi,Delhi,IN,882440,Salaried,1785462.00,Married,Postgraduate,EMPLOYED,2019-07-05,RETAIL,VERIFIED,LOW,f,Internet Banking,t,t,2
CUST_00482,Rohan,Bose,F,1969-03-18,rohan.bose482@example.test,+91-6760203876,IDN13816958,Delhi,Delhi,IN,804784,Self-Employed,4445132.00,Single,Graduate,EMPLOYED,2018-10-19,BUSINESS,VERIFIED,LOW,f,Internet Banking,t,t,0
CUST_00483,Vivek,Rao,M,2003-07-10,vivek.rao483@example.test,+91-6709972886,IDN13824877,Gurugram,Haryana,IN,951139,Self-Employed,3850934.00,Single,Graduate,EMPLOYED,2021-10-10,PRIVATE,VERIFIED,LOW,f,Mobile Banking,t,t,2
CUST_00484,Lakshmi,Chatterjee,M,1993-11-17,lakshmi.chatterjee484@example.test,+91-6878966350,IDN13832796,Kolkata,West Bengal,IN,424248,Salaried,4610691.00,Single,Graduate,EMPLOYED,2018-07-23,RETAIL,PENDING,HIGH,f,Internet Banking,t,t,1
CUST_00485,Pooja,Reddy,M,1981-02-14,pooja.reddy485@example.test,+91-6697960736,IDN13840715,Hyderabad,Telangana,IN,610120,Salaried,443243.00,Single,Postgraduate,EMPLOYED,2018-04-13,BUSINESS,VERIFIED,HIGH,f,Internet Banking,t,t,1
CUST_00486,Aditya,Nair,M,1963-11-19,aditya.nair486@example.test,+91-6274879205,IDN13848634,Mumbai,Maharashtra,IN,888492,Salaried,2396019.00,Married,Postgraduate,EMPLOYED,2022-04-12,BUSINESS,VERIFIED,MEDIUM,f,Internet Banking,t,t,2
CUST_00487,Sneha,Kulkarni,F,1989-05-21,sneha.kulkarni487@example.test,+91-6080355285,IDN13856553,Gurugram,Haryana,IN,997055,Self-Employed,2920059.00,Single,Graduate,EMPLOYED,2018-06-23,BUSINESS,VERIFIED,LOW,f,Internet Banking,t,t,0
CUST_00488,Krishna,Fernandes,M,1984-12-22,krishna.fernandes488@example.test,+91-6236347169,IDN13864472,Mumbai,Maharashtra,IN,703624,Salaried,2700442.00,Married,Postgraduate,EMPLOYED,2022-05-22,PRIVATE,VERIFIED,MEDIUM,f,Mobile Banking,t,t,0
CUST_00489,Vikram,Desai,F,1962-02-02,vikram.desai489@example.test,+91-6478759307,IDN13872391,Chennai,Tamil Nadu,IN,783303,Salaried,1899279.00,Married,Postgraduate,EMPLOYED,2024-12-05,RETAIL,VERIFIED,MEDIUM,f,Mobile Banking,t,t,2
CUST_00490,Rahul,Singh,M,1972-08-23,rahul.singh490@example.test,+91-6529878457,IDN13880310,Kolkata,West Bengal,IN,119724,Salaried,3551076.00,Single,Postgraduate,EMPLOYED,2021-05-22,RETAIL,VERIFIED,LOW,f,Internet Banking,t,t,1
CUST_00491,Meera,Bose,M,1996-11-06,meera.bose491@example.test,+91-6692905768,IDN13888229,Mumbai,Maharashtra,IN,232749,Salaried,574131.00,Married,Graduate,EMPLOYED,2024-05-18,PREMIUM,VERIFIED,LOW,f,Mobile Banking,t,t,0
CUST_00492,Vikram,Chatterjee,M,1977-11-02,vikram.chatterjee492@example.test,+91-6813270730,IDN13896148,Chennai,Tamil Nadu,IN,216011,Salaried,3874665.00,Single,Graduate,EMPLOYED,2017-12-15,PRIVATE,PENDING,LOW,f,Mobile Banking,t,t,0
CUST_00493,Arjun,Chatterjee,F,1995-12-28,arjun.chatterjee493@example.test,+91-6368049719,IDN13904067,Gurugram,Haryana,IN,962373,Salaried,4794617.00,Single,Postgraduate,EMPLOYED,2017-02-01,PREMIUM,VERIFIED,LOW,f,Mobile Banking,t,t,1
CUST_00494,Sanjay,Kulkarni,F,1990-05-28,sanjay.kulkarni494@example.test,+91-6022578886,IDN13911986,Pune,Maharashtra,IN,731527,Self-Employed,1728543.00,Married,Graduate,EMPLOYED,2021-06-15,PREMIUM,VERIFIED,LOW,f,Mobile Banking,t,t,1
CUST_00495,Swati,Reddy,M,1965-09-10,swati.reddy495@example.test,+91-6998093738,IDN13919905,Mumbai,Maharashtra,IN,542411,Salaried,4203066.00,Single,Postgraduate,EMPLOYED,2021-11-20,PRIVATE,VERIFIED,LOW,f,Internet Banking,t,t,0
CUST_00496,Anjali,Sharma,F,1981-06-11,anjali.sharma496@example.test,+91-6525588157,IDN13927824,Hyderabad,Telangana,IN,834172,Salaried,2343339.00,Married,Graduate,EMPLOYED,2020-10-15,PREMIUM,VERIFIED,LOW,f,Mobile Banking,t,t,0
CUST_00497,Priya,Kulkarni,M,2002-12-13,priya.kulkarni497@example.test,+91-6442893110,IDN13935743,Hyderabad,Telangana,IN,465196,Salaried,3985075.00,Single,Graduate,EMPLOYED,2024-05-04,PRIVATE,VERIFIED,MEDIUM,f,Mobile Banking,t,t,0
CUST_00498,Arjun,Chatterjee,M,2003-07-19,arjun.chatterjee498@example.test,+91-6906425423,IDN13943662,Mumbai,Maharashtra,IN,447010,Self-Employed,1299596.00,Married,Graduate,EMPLOYED,2018-11-24,RETAIL,VERIFIED,MEDIUM,f,Mobile Banking,t,t,2
CUST_00499,Aditya,Desai,M,1999-10-18,aditya.desai499@example.test,+91-6108569533,IDN13951581,Chennai,Tamil Nadu,IN,240959,Self-Employed,3661793.00,Married,Postgraduate,EMPLOYED,2018-06-15,RETAIL,VERIFIED,LOW,f,Internet Banking,t,t,1
CUST_00500,Anika,Malhotra,F,1965-07-02,anika.malhotra500@example.test,+91-6041507605,IDN13959500,Kolkata,West Bengal,IN,492184,Self-Employed,3410997.00,Married,Postgraduate,EMPLOYED,2015-08-26,RETAIL,VERIFIED,MEDIUM,f,Mobile Banking,t,t,2
